Cruise_name,Vessel_Name_Abbr,Zone,Station,Event_Type,Station_Event_ID,Year,Month,Day,Time_Start,Time_End,Sampling_Duration_Minutes,Day_Night,Time_Zone_Code,Minimum_Sampling_Depth_Meters,Maximum_Sampling_Depth_Meters,Tow_speed_kilometers_per_hour,Latitude_Start_DecDeg,Longitude_Start_DecDeg,Latitude_End_DecDeg,Longitude_End_DecDeg,Bottom_Depth_Meters,Tow_distance_nautical_miles,Wind_Direction_Degrees,Wind_Speed_kilometers_per_hour,Wave_height_Meters,Swell_height_Meters,Weather_description,Comments
IYS2022,TINRO,3,1,Trawl,IYS2022-TINRO-3-1-Trawl,2022,3,2,04:10:00,05:10:00,60,Day,UTC,0,24.2,9.26,48.63,-172.315,48.63,-172.2,5269,5,250,50.4,3,NA,NA,NA
IYS2022,TINRO,3,2,Trawl,IYS2022-TINRO-3-2-Trawl,2022,3,3,14:58:00,15:58:00,60,Night,UTC,0,27.2,8.334,47.9133,-171.1133,47.9133,-171.0117,5400,4.5,250,64.8,4,NA,NA,NA
IYS2022,TINRO,3,3,Trawl,IYS2022-TINRO-3-3-Trawl,2022,3,3,01:23:00,02:23:00,60,Day,UTC,0,28.7,8.8896,47.89,-169.4333,47.89,-169.3267,4700,4.8,250,36,4,NA,NA,NA
IYS2022,TINRO,3,4,Trawl,IYS2022-TINRO-3-4-Trawl,2022,3,4,06:23:00,07:23:00,60,Night,UTC,0,28.8,8.704400000000001,47.1367,-170.2,47.1367,-170.09,4700,4.7,290,43.2,3,NA,NA,NA
IYS2022,TINRO,3,5,Trawl,IYS2022-TINRO-3-5-Trawl,2022,3,5,16:30:00,17:30:00,60,Night,UTC,0,25.2,7.7784,46.2883,-169.3867,46.2883,-169.2883,5500,4.2,285,50.4,3,NA,NA,NA
IYS2022,TINRO,3,6,Trawl,IYS2022-TINRO-3-6-Trawl,2022,3,5,01:57:00,02:57:00,60,Day,UTC,0,29.3,9.630400000000002,45.4683,-168.4617,45.4683,-168.3433,5000,5.2,NA,0,3,NA,NA,NA
IYS2022,TINRO,3,7,Trawl,IYS2022-TINRO-3-7-Trawl,2022,3,5,10:19:00,11:19:00,60,Night,UTC,0,28.3,9.074800000000002,45.4,-167.2317,45.4,-167.3383,5000,4.9,110,36,2,NA,NA,NA
IYS2022,TINRO,3,8,Trawl,IYS2022-TINRO-3-8-Trawl,2022,3,6,18:44:00,19:44:00,60,Day,UTC,0,24.2,6.6672,46.42,-167.2117,46.42,-167.2417,5500,3.6,142,39.6,1.5,NA,NA,NA
IYS2022,TINRO,3,9,Trawl,IYS2022-TINRO-3-9-Trawl,2022,3,6,04:36:00,05:36:00,60,Night,UTC,0,27,8.704400000000001,47.525,-167.2783,47.525,-167.375,5500,4.7,125,50.4,2,NA,NA,NA
IYS2022,TINRO,3,10,Trawl,IYS2022-TINRO-3-10-Trawl,2022,3,7,13:30:00,14:30:00,60,Night,UTC,0,27,8.704400000000001,48.5583,-167.2783,48.5583,-167.3933,5200,4.7,110,43.2,2.5,NA,NA,NA
IYS2022,TINRO,3,11,Trawl,IYS2022-TINRO-3-11-Trawl,2022,3,7,23:40:00,00:40:00,60,Day,UTC,0,26.2,7.9636000000000005,49.065,-169.065,49.065,-169.17,5200,4.3,55,46.800000000000004,2,NA,NA,NA
IYS2022,TINRO,3,12,Trawl,IYS2022-TINRO-3-12-Trawl,2022,3,8,12:29:00,13:29:00,60,Night,UTC,0,29.3,7.7784,49.515,-167.3617,49.515,-167.4233,5300,4.2,354,39.6,3,NA,NA,NA
IYS2022,TINRO,3,13,Trawl,IYS2022-TINRO-3-13-Trawl,2022,3,8,03:12:00,04:12:00,60,Day,UTC,0,28.2,8.704400000000001,50.0667,-165.1867,50.0667,-165.3017,5000,4.7,NA,0,3,NA,NA,NA
IYS2022,TINRO,3,14,Trawl,IYS2022-TINRO-3-14-Trawl,2022,3,9,16:21:00,17:21:00,60,Night,UTC,0,32.3,7.2228,50.5617,-163.01,50.5617,-162.9117,4500,3.9,83,28.8,2.5,NA,NA,NA
IYS2022,TINRO,3,15,Trawl,IYS2022-TINRO-3-15-Trawl,2022,3,9,03:46:00,04:46:00,60,Day,UTC,0,25.8,8.5192,50.8617,-160.9683,50.8617,-161.0217,4500,4.6,20,28.8,1.5,NA,NA,NA
IYS2022,TINRO,3,16,Trawl,IYS2022-TINRO-3-16-Trawl,2022,3,10,18:55:00,19:55:00,60,Day,UTC,0,24.5,8.334,51.2917,-158.425,51.2917,-158.5467,4800,4.5,124,32.4,2.5,NA,NA,NA
IYS2022,TINRO,3,17,Trawl,IYS2022-TINRO-3-17-Trawl,2022,3,10,08:45:00,09:45:00,60,Night,UTC,0,26.3,8.148800000000001,51.905,-156.0267,51.905,-156.01,4000,4.4,180,54,2,NA,NA,NA
IYS2022,TINRO,3,18,Trawl,IYS2022-TINRO-3-18-Trawl,2022,3,11,03:03:00,04:03:00,60,Day,UTC,0,27,9.26,50.9367,-155.975,50.9367,-155.8933,4500,5,220,64.8,4,NA,NA,NA
IYS2022,TINRO,3,19,Trawl,IYS2022-TINRO-3-19-Trawl,2022,3,12,18:52:00,19:52:00,60,Day,UTC,0,26.2,8.5192,49.8883,-155.9633,49.8883,-155.8517,4400,4.6,248,46.800000000000004,3,NA,NA,NA
IYS2022,TINRO,3,20,Trawl,IYS2022-TINRO-3-20-Trawl,2022,3,12,06:18:00,07:18:00,60,Night,UTC,0,30,7.9636000000000005,48.8267,-155.9283,48.8267,-155.8267,4000,4.3,250,36,2.5,NA,NA,NA
IYS2022,TINRO,3,21,Trawl,IYS2022-TINRO-3-21-Trawl,2022,3,13,00:37:00,01:37:00,60,Day,UTC,0,26.2,8.5192,50.4433,-158.415,50.4433,-158.5317,5000,4.6,80,72,3.5,NA,NA,NA
IYS2022,TINRO,3,22,Trawl,IYS2022-TINRO-3-22-Trawl,2022,3,14,02:17:00,03:17:00,60,Day,UTC,0,28.2,8.334,49.5233,-158.5033,49.5233,-158.4367,4500,4.5,330,72,4,NA,NA,NA
IYS2022,TINRO,3,23,Trawl,IYS2022-TINRO-3-23-Trawl,2022,3,15,11:29:00,12:29:00,60,Night,UTC,0,25,8.5192,48.4467,-158.35,48.4467,-158.2417,4000,4.6,280,43.2,3,NA,NA,NA
IYS2022,TINRO,3,24,Trawl,IYS2022-TINRO-3-24-Trawl,2022,3,15,20:47:00,21:47:00,60,Day,UTC,0,29.2,9.26,47.5367,-158.33,47.5367,-158.315,3800,5,182,57.6,2.5,NA,NA,NA
IYS2022,TINRO,3,25,Trawl,IYS2022-TINRO-3-25-Trawl,2022,3,16,05:40:00,06:40:00,60,Night,UTC,0,30.3,8.8896,46.915,-160.905,46.915,-160.795,4000,4.8,300,57.6,4,NA,NA,NA
IYS2022,TINRO,3,26,Trawl,IYS2022-TINRO-3-26-Trawl,2022,3,17,17:41:00,18:41:00,60,Day,UTC,0,26.7,8.5192,47.88,-160.84,47.88,-160.7333,4800,4.6,299,18,2,NA,NA,NA
IYS2022,TINRO,3,27,Trawl,IYS2022-TINRO-3-27-Trawl,2022,3,17,03:45:00,04:45:00,60,Day,UTC,0,28,8.704400000000001,48.86,-160.8433,48.86,-160.755,4000,4.7,330,36,2.5,NA,NA,NA
IYS2022,TINRO,3,28,Trawl,IYS2022-TINRO-3-28-Trawl,2022,3,18,16:24:00,17:24:00,60,Night,UTC,0,26.8,8.5192,49.8833,-160.9017,49.8833,-160.7883,4600,4.6,328,64.8,3,NA,NA,NA
IYS2022,TINRO,3,29,Trawl,IYS2022-TINRO-3-29-Trawl,2022,3,19,14:40:00,15:40:00,60,Night,UTC,0,24.7,8.334,49.615,-163.0067,49.615,-162.9467,5000,4.5,300,72,4,NA,NA,NA
IYS2022,TINRO,3,30,Trawl,IYS2022-TINRO-3-30-Trawl,2022,3,19,23:20:00,00:20:00,60,Day,UTC,0,29,8.5192,48.605,-162.9933,48.605,-162.8883,5000,4.6,310,50.4,2,NA,NA,NA
IYS2022,TINRO,3,31,Trawl,IYS2022-TINRO-3-31-Trawl,2022,3,20,12:16:00,13:16:00,60,Night,UTC,0,25.5,8.8896,48.135,-165.1433,48.135,-165.2183,4300,4.8,42,61.2,2.5,NA,NA,NA
IYS2022,TINRO,3,32,Trawl,IYS2022-TINRO-3-32-Trawl,2022,3,20,02:52:00,03:52:00,60,Day,UTC,0,27.7,8.334,49.1383,-165.1467,49.1383,-165.11,5100,4.5,340,79.2,4,NA,NA,NA
IYS2022,TINRO,3,1,CTD,IYS2022-TINRO-3-1-CTD,2022,3,2,15:22:43,15:47:03,24.33,NA,UTC,0,1000,NA,48.62513,-172.36215,48.62285,-172.35773,5200,NA,250,50.4,3,NA,NA,NA
IYS2022,TINRO,3,2,CTD,IYS2022-TINRO-3-2-CTD,2022,3,2,02:11:21,02:36:41,25.33,NA,UTC,0,1000,NA,47.91104,-171.155,47.90607,-171.1539,5400,NA,250,64.8,4,NA,NA,NA
IYS2022,TINRO,3,3,CTD,IYS2022-TINRO-3-3-CTD,2022,3,3,15:30:33,16:02:58,32.42,NA,UTC,0,1000,NA,47.92146,-169.27314,47.926,-169.25165,5400,NA,250,36,4,NA,NA,NA
IYS2022,TINRO,3,4,CTD,IYS2022-TINRO-3-4-CTD,2022,3,4,17:36:11,18:05:16,29.08,NA,UTC,0,1000,NA,47.12165,-170.24799,47.12521,-170.23476,5500,NA,290,43.2,3,NA,NA,NA
IYS2022,TINRO,3,5,CTD,IYS2022-TINRO-3-5-CTD,2022,3,4,03:38:57,04:09:48,30.85,NA,UTC,0,1000,NA,46.29369,-169.40751,46.28633,-169.4185,5400,NA,285,50.4,3,NA,NA,NA
IYS2022,TINRO,3,6,CTD,IYS2022-TINRO-3-6-CTD,2022,3,5,13:04:52,13:34:54,30.03,NA,UTC,0,1000,NA,45.48726,-168.51651,45.48052,-168.49946,5300,NA,0,0,3,NA,NA,NA
IYS2022,TINRO,3,7,CTD,IYS2022-TINRO-3-7-CTD,2022,3,5,21:20:29,21:47:44,27.25,NA,UTC,0,1000,NA,45.38496,-167.17782,45.38804,-167.19019,5000,NA,110,36,2,NA,NA,NA
IYS2022,TINRO,3,8,CTD,IYS2022-TINRO-3-8-CTD,2022,3,5,06:02:03,06:26:14,24.18,NA,UTC,0,1000,NA,46.39771,-167.20602,46.40116,-167.20499,5400,NA,142,39.6,1.5,NA,NA,NA
IYS2022,TINRO,3,9,CTD,IYS2022-TINRO-3-9-CTD,2022,3,6,15:49:39,16:15:00,25.35,NA,UTC,0,1000,NA,47.50805,-167.25277,47.5107,-167.24741,5400,NA,125,50.4,2,NA,NA,NA
IYS2022,TINRO,3,10,CTD,IYS2022-TINRO-3-10-CTD,2022,3,6,00:44:11,01:10:41,26.5,NA,UTC,0,1000,NA,48.54541,-167.25306,48.54948,-167.24506,5400,NA,110,43.2,2.5,NA,NA,NA
IYS2022,TINRO,3,11,CTD,IYS2022-TINRO-3-11-CTD,2022,3,6,10:53:54,11:21:52,27.97,NA,UTC,0,1000,NA,49.05502,-169.03224,49.06298,-169.03169,5000,NA,55,46.800000000000004,2,NA,NA,NA
IYS2022,TINRO,3,12,CTD,IYS2022-TINRO-3-12-CTD,2022,3,7,23:37:14,00:05:39,28.42,NA,UTC,0,1000,NA,49.53333,-167.32723,49.5312,-167.33957,5200,NA,354,39.6,3,NA,NA,NA
IYS2022,TINRO,3,13,CTD,IYS2022-TINRO-3-13-CTD,2022,3,8,14:26:09,14:52:35,26.43,NA,UTC,0,1000,NA,50.07601,-165.14425,50.07535,-165.15273,5000,NA,0,0,3,NA,NA,NA
IYS2022,TINRO,3,14,CTD,IYS2022-TINRO-3-14-CTD,2022,3,8,03:34:17,03:59:45,25.47,NA,UTC,0,1000,NA,50.55782,-163.03213,50.55741,-163.03909,4500,NA,83,28.8,2.5,NA,NA,NA
IYS2022,TINRO,3,15,CTD,IYS2022-TINRO-3-15-CTD,2022,3,9,15:04:01,15:28:18,24.28,NA,UTC,0,1000,NA,50.88569,-160.95154,50.88175,-160.95577,4900,NA,20,28.8,1.5,NA,NA,NA
IYS2022,TINRO,3,16,CTD,IYS2022-TINRO-3-16-CTD,2022,3,9,06:07:48,06:33:01,25.22,NA,UTC,0,1000,NA,51.29629,-158.38107,51.29583,-158.38914,4000,NA,124,32.4,2.5,NA,NA,NA
IYS2022,TINRO,3,17,CTD,IYS2022-TINRO-3-17-CTD,2022,3,10,20:01:17,20:26:56,25.65,NA,UTC,0,1000,NA,51.8798,-156.03717,51.88539,-156.03798,4600,NA,180,54,2,NA,NA,NA
IYS2022,TINRO,3,18,CTD,IYS2022-TINRO-3-18-CTD,2022,3,11,14:19:24,14:44:10,24.77,NA,UTC,0,1000,NA,50.91935,-156.00761,50.91721,-156.00125,4000,NA,220,64.8,4,NA,NA,NA
IYS2022,TINRO,3,19,CTD,IYS2022-TINRO-3-19-CTD,2022,3,11,06:03:51,06:29:22,25.52,NA,UTC,0,1000,NA,49.88259,-156.00476,49.87958,-156.00458,4400,NA,248,46.800000000000004,3,NA,NA,NA
IYS2022,TINRO,3,20,CTD,IYS2022-TINRO-3-20-CTD,2022,3,12,17:32:32,17:59:50,27.3,NA,UTC,0,1000,NA,48.81895,-155.97762,48.81946,-155.96449,3900,NA,250,36,2.5,NA,NA,NA
IYS2022,TINRO,3,21,CTD,IYS2022-TINRO-3-21-CTD,2022,3,12,11:47:24,12:17:05,29.68,NA,UTC,0,1000,NA,50.43623,-158.37836,50.44162,-158.37453,5000,NA,80,72,3.5,NA,NA,NA
IYS2022,TINRO,3,22,CTD,IYS2022-TINRO-3-22-CTD,2022,3,14,13:31:39,13:56:10,24.52,NA,UTC,0,1000,NA,49.54291,-158.52379,49.54213,-158.52694,4000,NA,330,72,4,NA,NA,NA
IYS2022,TINRO,3,23,CTD,IYS2022-TINRO-3-23-CTD,2022,3,14,22:32:33,23:08:03,35.5,NA,UTC,0,1000,NA,48.46968,-158.37055,48.45597,-158.38011,4000,NA,280,43.2,3,NA,NA,NA
IYS2022,TINRO,3,24,CTD,IYS2022-TINRO-3-24-CTD,2022,3,14,07:55:03,08:28:33,33.5,NA,UTC,0,1000,NA,47.49732,-158.34222,47.51129,-158.33462,3800,NA,182,57.6,2.5,NA,NA,NA
IYS2022,TINRO,3,25,CTD,IYS2022-TINRO-3-25-CTD,2022,3,16,16:57:00,17:22:02,25.03,NA,UTC,0,1000,NA,46.92389,-160.93426,46.9202,-160.93892,4200,NA,300,57.6,4,NA,NA,NA
IYS2022,TINRO,3,26,CTD,IYS2022-TINRO-3-26-CTD,2022,3,16,04:56:43,05:23:27,26.73,NA,UTC,0,1000,NA,47.88106,-160.88602,47.87812,-160.87628,4000,NA,299,18,2,NA,NA,NA
IYS2022,TINRO,3,27,CTD,IYS2022-TINRO-3-27-CTD,2022,3,17,14:59:27,15:27:11,27.73,NA,UTC,0,1000,NA,48.88869,-160.8692,48.88179,-160.86055,4000,NA,330,36,2.5,NA,NA,NA
IYS2022,TINRO,3,28,CTD,IYS2022-TINRO-3-28-CTD,2022,3,17,03:41:11,04:07:06,25.92,NA,UTC,0,1000,NA,49.89791,-160.93317,49.89469,-160.93575,5000,NA,328,64.8,3,NA,NA,NA
IYS2022,TINRO,3,29,CTD,IYS2022-TINRO-3-29-CTD,2022,3,18,01:48:59,02:14:15,25.27,NA,UTC,0,1000,NA,49.64126,-163.02577,49.64105,-163.03083,5000,NA,300,72,4,NA,NA,NA
IYS2022,TINRO,3,30,CTD,IYS2022-TINRO-3-30-CTD,2022,3,18,10:34:25,11:02:54,28.48,NA,UTC,0,1000,NA,48.62582,-163.02722,48.61713,-163.02579,5080,NA,310,50.4,2,NA,NA,NA
IYS2022,TINRO,3,31,CTD,IYS2022-TINRO-3-31-CTD,2022,3,19,23:27:45,23:59:35,31.83,NA,UTC,0,1000,NA,48.1473,-165.10615,48.1534,-165.12043,4500,NA,42,61.2,2.5,NA,NA,NA
IYS2022,TINRO,3,32,CTD,IYS2022-TINRO-3-32-CTD,2022,3,20,16:34:30,16:59:06,24.6,NA,UTC,0,1000,NA,49.04556,-165.10311,49.04476,-165.10855,5000,NA,340,79.2,4,NA,NA,NA
IYS2022,NW,2,1,CanTrawl,IYS2022-NW-2-1-CanTrawl,2022,4,3,23:20:10,00:21:01,61,NA,UTC,0,33.77,NA,53.6245,-162.972,53.6893,-162.9963,NA,NA,NA,NA,NA,NA,NA,NA
IYS2022,NW,2,2,CanTrawl,IYS2022-NW-2-2-CanTrawl,2022,4,4,17:30:32,18:31:25,61,NA,UTC,0,35.34,NA,52.6629,-163.1263,52.596,-163.0646,NA,NA,NA,NA,NA,NA,NA,NA
IYS2022,NW,2,3,CanTrawl,IYS2022-NW-2-3-CanTrawl,2022,4,5,01:55:04,02:56:01,61,NA,UTC,0,35.9,NA,51.6803,-163.1202,51.6295,-163.053,NA,NA,NA,NA,NA,NA,NA,NA
IYS2022,NW,2,4,CanTrawl,IYS2022-NW-2-4-CanTrawl,2022,4,5,17:02:57,18:03:49,61,NA,UTC,0,34.47,NA,50.6348,-163.041,50.5643,-163.0179,NA,NA,NA,NA,NA,NA,NA,NA
IYS2022,NW,2,5,CanTrawl,IYS2022-NW-2-5-CanTrawl,2022,4,6,02:03:36,03:04:29,60,NA,UTC,0,33.98,NA,49.6047,-163.0316,49.5334,-163.0026,NA,NA,NA,NA,NA,NA,NA,NA
IYS2022,NW,2,6,CanTrawl,IYS2022-NW-2-6-CanTrawl,2022,4,6,17:12:22,18:13:25,61,NA,UTC,0,35.58,NA,49.1645,-165.1364,49.2255,-165.1187,NA,NA,NA,NA,NA,NA,NA,NA
IYS2022,NW,2,6,CanTrawl,IYS2022-NW-2-6-CanTrawl,2022,4,6,20:43:51,20:59:04,15,NA,UTC,0,428.08,NA,49.3063,-165.1664,49.3201,-165.1657,NA,NA,NA,NA,NA,NA,NA,NA
IYS2022,NW,2,7,CanTrawl,IYS2022-NW-2-7-CanTrawl,2022,4,7,03:43:58,04:44:50,61,NA,UTC,0,35.8,NA,50.1573,-165.1813,50.2246,-165.1921,NA,NA,NA,NA,NA,NA,NA,NA
IYS2022,NW,2,8,CanTrawl,IYS2022-NW-2-8-CanTrawl,2022,4,7,16:58:45,17:59:45,61,NA,UTC,0,35.3,NA,51.1815,-165.231,51.2497,-165.2472,NA,NA,NA,NA,NA,NA,NA,NA
IYS2022,NW,2,9,CanTrawl,IYS2022-NW-2-9-CanTrawl,2022,4,8,01:01:43,02:02:34,61,NA,UTC,0,36.55,NA,52.1884,-165.2296,52.2482,-165.2604,NA,NA,NA,NA,NA,NA,NA,NA
IYS2022,NW,2,10,CanTrawl,IYS2022-NW-2-10-CanTrawl,2022,4,8,16:54:51,17:55:42,61,NA,UTC,0,38.19,NA,53.3191,-165.326,53.3722,-165.3744,NA,NA,NA,NA,NA,NA,NA,NA
IYS2022,NW,2,10,CanTrawl,IYS2022-NW-2-10-CanTrawl,2022,4,8,18:47:11,19:02:25,15,NA,UTC,0,255.2,NA,53.4029,-165.377,53.4172,-165.3715,NA,NA,NA,NA,NA,NA,NA,NA
IYS2022,NW,2,11,CanTrawl,IYS2022-NW-2-11-CanTrawl,2022,4,11,17:17:15,18:18:07,61,NA,UTC,0,40.74,NA,51.8884,-167.3066,51.8248,-167.3217,NA,NA,NA,NA,NA,NA,NA,NA
IYS2022,NW,2,12,CanTrawl,IYS2022-NW-2-12-CanTrawl,2022,4,12,02:23:13,03:24:06,61,NA,UTC,0,38.08,NA,50.8318,-167.3551,50.7718,-167.3185,NA,NA,NA,NA,NA,NA,NA,NA
IYS2022,NW,2,13,CanTrawl,IYS2022-NW-2-13-CanTrawl,2022,4,12,17:25:55,18:26:47,61,NA,UTC,0,40.06,NA,49.8961,-167.3189,49.8379,-167.2953,NA,NA,NA,NA,NA,NA,NA,NA
IYS2022,NW,2,13,CanTrawl,IYS2022-NW-2-13-CanTrawl,2022,4,12,20:40:16,20:55:30,15,NA,UTC,0,309.1,NA,49.7344,-167.2619,49.7212,-167.2603,NA,NA,NA,NA,NA,NA,NA,NA
IYS2022,NW,2,14,CanTrawl,IYS2022-NW-2-14-CanTrawl,2022,4,13,04:11:14,05:12:05,61,NA,UTC,0,39.54,NA,48.8138,-167.3097,48.7875,-167.3932,NA,NA,NA,NA,NA,NA,NA,NA
IYS2022,NW,2,15,CanTrawl,IYS2022-NW-2-15-CanTrawl,2022,4,13,17:02:05,18:02:56,61,NA,UTC,0,37.27,NA,48.4956,-169.4349,48.5631,-169.4597,NA,NA,NA,NA,NA,NA,NA,NA
IYS2022,NW,2,16,CanTrawl,IYS2022-NW-2-16-CanTrawl,2022,4,14,01:23:03,02:23:54,61,NA,UTC,0,36.36,NA,49.482,-169.4789,49.4733,-169.5834,NA,NA,NA,NA,NA,NA,NA,NA
IYS2022,NW,2,17,CanTrawl,IYS2022-NW-2-17-CanTrawl,2022,4,14,17:37:53,18:38:45,61,NA,UTC,0,37.26944444,NA,49.1654,-171.572,49.1065,-171.5096,NA,NA,NA,NA,NA,NA,NA,NA
IYS2022,NW,2,18,CanTrawl,IYS2022-NW-2-18-CanTrawl,2022,4,15,19:45:19,20:46:10,61,NA,UTC,0,37.26944444,NA,48.6943,-173.6493,48.7524,-173.5741,NA,NA,NA,NA,NA,NA,NA,No 3rd wire or bongo due to sea states. SST 3.95
IYS2022,NW,2,19,CanTrawl,IYS2022-NW-2-19-CanTrawl,2022,4,16,18:03:43,19:04:35,61,NA,UTC,0,37.26944444,NA,50.2332,-171.6187,50.3115,-171.6152,NA,NA,NA,NA,NA,NA,NA,No 3rd wire due to sea state.  SST 4.77
IYS2022,NW,2,20,CanTrawl,IYS2022-NW-2-20-CanTrawl,2022,4,17,02:27:44,03:28:36,61,NA,UTC,0,33.4,NA,51.2046,-171.4807,51.187,-171.3727,NA,NA,NA,NA,NA,NA,NA,NA
IYS2022,NW,2,21,CanTrawl,IYS2022-NW-2-21-CanTrawl,2022,4,17,17:30:09,18:31:01,61,NA,UTC,0,37.26944444,NA,50.4802,-169.4903,50.5565,-169.4702,NA,NA,NA,NA,NA,NA,NA,NA
IYS2022,NW,2,22,CanTrawl,IYS2022-NW-2-22-CanTrawl,2022,4,18,02:12:59,03:13:50,61,NA,UTC,0,35.52,NA,51.5255,-169.4892,51.5689,-169.4023,NA,NA,NA,NA,NA,NA,NA,NA
IYS2022,Shimada,4,1,Trawl,IYS2022-Shimada-4-1-Trawl,2022,2,5,18:32:02,19:32:13,60,Day,UTC,0,30.97,7.23905,47.791,-126.2413,47.7964,-126.3459,1857,4.236227035552386,328.88,2.34914,NA,NA,NA,GEAR_TRIAL
IYS2022,Shimada,4,1,CTD,IYS2022-Shimada-4-1-CTD100,2022,2,5,20:36:08,20:48:02,12,Day,UTC,0,100,0,47.789883333333336,-126.38516666666666,47.789883333333336,-126.38516666666666,NA,NA,164.56,7.59448,NA,NA,NA,GEAR_TRIAL
IYS2022,Shimada,4,1,CTD,IYS2022-Shimada-4-1-CTD500,2022,2,5,21:17:25,21:45:20,28,Day,UTC,0,500,0,47.78681666666667,-126.4011,47.78681666666667,-126.4011,NA,NA,212.74,3.82942,NA,NA,NA,GEAR_TRIAL
IYS2022,Shimada,4,2,CTD,IYS2022-Shimada-4-2-CTD100,2022,2,6,19:56:04,20:09:37,13,Day,UTC,0,100,0,46.85006666666666,-130.67776666666666,46.85006666666666,-130.67776666666666,2339,NA,193.78,31.214599999999997,NA,NA,NA,NA
IYS2022,Shimada,4,2,CTD,IYS2022-Shimada-4-2-CTD500,2022,2,6,20:37:53,21:14:14,36,Day,UTC,0,500,0,46.85075,-130.66033333333334,46.85075,-130.66033333333334,2411,NA,197.74,25.872719999999997,NA,NA,NA,NA
IYS2022,Shimada,4,2,Trawl,IYS2022-Shimada-4-2-Trawl,2022,2,6,22:58:34,23:59:01,60,Day,UTC,0,29,3.6186000000000003,46.7975,-130.6276,46.7349,-130.6331,2798,3.769529049356436,173.25,33.4672,NA,NA,NA,Codend wasn't fully closed so nothing was retained in codend.
IYS2022,Shimada,4,3,CTD,IYS2022-Shimada-4-3-CTD100,2022,2,10,16:23:34,16:34:30,11,Day,UTC,0,100,0,50.0025,-146.9959,50.0025,-146.9959,4372,NA,168.68,33.563739999999996,NA,NA,NA,CTD malfunctioning
IYS2022,Shimada,4,3,CTD,IYS2022-Shimada-4-3-CTD500,2022,2,10,17:14:23,17:47:49,33,Day,UTC,0,500,0,50.00776666666667,-146.98616666666666,50.00776666666667,-146.98616666666666,4385,NA,192.49,34.07862,NA,NA,NA,CTD malfunctioning
IYS2022,Shimada,4,3,Trawl,IYS2022-Shimada-4-3-Trawl,2022,2,10,18:47:06,19:47:38,60,Day,UTC,0,28.24,7.431450000000001,49.8903,-146.954,49.927,-146.8987,4396,3.0738450733793923,167.6,39.983650000000004,NA,NA,NA,NA
IYS2022,Shimada,4,4,CTD,IYS2022-Shimada-4-4-CTD100,2022,2,11,22:29:35,22:34:55,5,Day,UTC,0,100,0,51.994616666666666,-146.99825,51.994616666666666,-146.99825,4286,NA,212.25,34.09471,NA,NA,NA,CTD malfunctioning
IYS2022,Shimada,4,5,CTD,IYS2022-Shimada-4-5-CTD100,2022,2,12,22:59:00,23:09:31,10,Day,UTC,0,100,0,55.06283333333333,-151.49716666666666,55.06283333333333,-151.49716666666666,4018,NA,NA,NA,NA,NA,NA,"CTD malfunctioning, too rough to sample"
IYS2022,Shimada,4,6,CTD,IYS2022-Shimada-4-6-CTD915,2022,2,15,09:56:17,10:32:54,36,Night,UTC,0,915,0,56.47515,-151.97805,56.47515,-151.97805,NA,NA,250.42,22.13984,NA,NA,NA,"Alaska stream, CTD only"
IYS2022,Shimada,4,7,CTD,IYS2022-Shimada-4-7-CTD1000,2022,2,15,11:41:44,12:20:02,38,Night,UTC,0,1000,0,56.38046666666666,-151.87518333333333,56.38046666666666,-151.87518333333333,2843,NA,241.53,16.540519999999997,NA,NA,NA,"Alaska stream, CTD only"
IYS2022,Shimada,4,8,CTD,IYS2022-Shimada-4-8-CTD1000,2022,2,15,13:28:42,14:06:02,37,Night,UTC,0,1000,0,56.26725,-151.7547,56.26725,-151.7547,4088,NA,247.76,21.14226,NA,NA,NA,"Alaska stream, CTD only"
IYS2022,Shimada,4,9,CTD,IYS2022-Shimada-4-9-CTD1000,2022,2,15,15:22:16,15:59:05,37,Day,UTC,0,1000,0,56.1481,-151.64211666666668,56.1481,-151.64211666666668,5322,NA,225.94,19.66198,NA,NA,NA,"Alaska stream, CTD only"
IYS2022,Shimada,4,10,CTD,IYS2022-Shimada-4-10-CTD100,2022,2,15,17:24:50,17:35:19,10,Day,UTC,0,100,0,56.00033333333333,-151.49571666666668,56.00033333333333,-151.49571666666668,5327,NA,238.26,25.56701,NA,NA,NA,NA
IYS2022,Shimada,4,10,CTD,IYS2022-Shimada-4-10-CTD1000,2022,2,15,18:14:51,19:08:40,53,Day,UTC,0,1000,0,55.995783333333335,-151.48921666666666,55.995783333333335,-151.48921666666666,5328,NA,229.77,17.02322,NA,NA,NA,"Alaska stream, full station"
IYS2022,Shimada,4,10,Trawl,IYS2022-Shimada-4-10-Trawl,2022,2,15,20:18:23,21:48:39,90,Day,UTC,0,27.66,8.386050000000001,55.9524,-151.5045,55.8521,-151.578,5329,6.51767437870013,208.8,18.8253,NA,NA,NA,NA
IYS2022,Shimada,4,11,CTD,IYS2022-Shimada-4-11-CTD100,2022,2,16,05:38:20,05:49:06,11,Night,UTC,0,100,0,57.00005,-150.99663333333334,57.00005,-150.99663333333334,925,NA,197.01,26.451960000000003,NA,NA,NA,NA
IYS2022,Shimada,4,11,CTD,IYS2022-Shimada-4-11-CTD500,2022,2,16,06:19:12,06:58:52,40,Night,UTC,0,500,0,56.99215,-150.98283333333333,56.99215,-150.98283333333333,858,NA,200.82,26.291059999999998,NA,NA,NA,NA
IYS2022,Shimada,4,11,Trawl,IYS2022-Shimada-4-11-Trawl,2022,2,16,08:01:29,09:02:04,60,Night,UTC,0,29.48,7.0966000000000005,56.9355,-150.9696,56.8637,-151.0074,989,4.490534460320376,201.14,32.356989999999996,NA,NA,NA,NA
IYS2022,Shimada,4,12,CTD,IYS2022-Shimada-4-12-CTD100,2022,2,21,16:55:29,17:06:40,11,Day,UTC,0,100,0,58.004016666666665,-146.98925,58.004016666666665,-146.98925,4864,NA,140.16,13.09726,NA,NA,NA,NA
IYS2022,Shimada,4,12,CTD,IYS2022-Shimada-4-12-CTD1000,2022,2,21,17:39:35,18:31:06,51,Day,UTC,0,1000,0,58.0089,-146.98548333333332,58.0089,-146.98548333333332,4872,NA,128.24,14.545359999999999,NA,NA,NA,NA
IYS2022,Shimada,4,12,Trawl,IYS2022-Shimada-4-12-Trawl,2022,2,21,19:24:29,20:54:51,90,Day,UTC,0,27.97,7.2871500000000005,57.9954,-146.9366,57.9142,-146.8203,4816,6.130137221315913,172.04,10.651580000000001,NA,NA,NA,NA
IYS2022,Shimada,4,13,CTD,IYS2022-Shimada-4-13-CTD100,2022,2,22,04:04:05,04:17:15,13,Night,UTC,0,100,0,57.00168333333333,-146.99468333333334,57.00168333333333,-146.99468333333334,4208,NA,197.23,29.171169999999996,NA,NA,NA,NA
IYS2022,Shimada,4,13,CTD,IYS2022-Shimada-4-13-CTD500,2022,2,22,04:55:29,05:30:06,35,Night,UTC,0,500,0,57.003,-146.9675,57.003,-146.9675,4195,NA,181.44,29.975669999999997,NA,NA,NA,NA
IYS2022,Shimada,4,13,Trawl,IYS2022-Shimada-4-13-Trawl,2022,2,22,07:05:32,08:05:36,60,Night,UTC,0,31.38,7.609050000000001,56.9373,-146.8947,56.869,-146.9185,4103,4.178992256356226,201.71,27.44954,NA,NA,NA,NA
IYS2022,Shimada,4,14,CTD,IYS2022-Shimada-4-14-CTD100,2022,2,22,17:05:56,17:17:24,11,Day,UTC,0,100,0,56.00096666666666,-146.99916666666667,56.00096666666666,-146.99916666666667,4084,NA,223.17,24.97168,NA,NA,NA,NA
IYS2022,Shimada,4,14,CTD,IYS2022-Shimada-4-14-CTD500,2022,2,22,17:54:08,18:32:19,38,Day,UTC,0,500,0,55.9953,-146.98996666666667,55.9953,-146.98996666666667,4086,NA,212.93,24.03846,NA,NA,NA,NA
IYS2022,Shimada,4,14,Trawl,IYS2022-Shimada-4-14-Trawl,2022,2,22,19:13:42,20:43:59,90,Day,UTC,0,28.4,8.454500000000001,55.9688,-146.9918,55.8704,-147.0524,4088,6.256848837726877,210.17,22.300739999999998,NA,NA,NA,NA
IYS2022,Shimada,4,15,CTD,IYS2022-Shimada-4-15-CTD100,2022,2,23,04:12:06,04:25:43,14,Night,UTC,0,100,0,54.999383333333334,-146.9912,54.999383333333334,-146.9912,4181,NA,204.61,26.32324,NA,NA,NA,NA
IYS2022,Shimada,4,15,CTD,IYS2022-Shimada-4-15-CTD1000,2022,2,23,04:57:22,05:54:02,57,Night,UTC,0,1000,0,54.995466666666665,-146.97818333333333,54.995466666666665,-146.97818333333333,4184,NA,212.52,31.906469999999995,NA,NA,NA,NA
IYS2022,Shimada,4,15,Trawl,IYS2022-Shimada-4-15-Trawl,2022,2,23,07:15:21,08:15:23,60,Night,UTC,0,30.41,7.0522,54.948,-146.962,54.8867,-146.9756,4189,3.7144168752525166,190.43,27.44954,NA,NA,NA,NA
IYS2022,Shimada,4,16,CTD,IYS2022-Shimada-4-16-CTD100,2022,2,23,17:04:24,17:16:19,12,Day,UTC,0,100,0,54.001083333333334,-147.00223333333332,54.001083333333334,-147.00223333333332,4137,NA,168.46,40.17673,NA,NA,NA,NA
IYS2022,Shimada,4,16,CTD,IYS2022-Shimada-4-16-CTD500,2022,2,23,17:53:06,18:30:05,37,Day,UTC,0,500,0,54.007216666666665,-147.00453333333334,54.007216666666665,-147.00453333333334,4128,NA,154.91,42.55805,NA,NA,NA,NA
IYS2022,Shimada,4,16,Trawl,IYS2022-Shimada-4-16-Trawl,2022,2,23,19:09:29,20:39:33,90,Day,UTC,0,28.48,6.8690500000000005,53.9953,-146.9777,53.9456,-146.8539,4116,5.299261411809554,130.33,33.80509,NA,NA,NA,NA
IYS2022,Shimada,4,17,CTD,IYS2022-Shimada-4-17-CTD100,2022,2,24,17:10:26,17:21:20,11,Day,UTC,0,100,0,52.99915,-146.99818333333334,52.99915,-146.99818333333334,4239,NA,129.5,37.6506,NA,NA,NA,NA
IYS2022,Shimada,4,17,CTD,IYS2022-Shimada-4-17-CTD500,2022,2,24,17:51:44,18:29:44,38,Day,UTC,0,500,0,52.9995,-146.98993333333334,52.9995,-146.98993333333334,422,NA,140.17,28.913729999999997,NA,NA,NA,NA
IYS2022,Shimada,4,17,Trawl,IYS2022-Shimada-4-17-Trawl,2022,2,24,19:06:36,21:06:46,120,Day,UTC,0,27.24,7.8847,52.9975,-146.9441,52.9082,-146.7477,4266,8.910375351789009,144.6,33.53156,NA,NA,NA,NA
IYS2022,Shimada,4,18,CTD,IYS2022-Shimada-4-18-CTD100,2022,2,25,07:33:53,07:49:39,16,Night,UTC,0,100,0,51.99881666666667,-146.99515,51.99881666666667,-146.99515,4282,NA,211.24,28.945909999999998,NA,NA,NA,NA
IYS2022,Shimada,4,18,CTD,IYS2022-Shimada-4-18-CTD1000,2022,2,25,08:17:51,09:16:22,59,Night,UTC,0,1000,0,51.99701666666667,-146.98485,51.99701666666667,-146.98485,4300,NA,212.68,36.797830000000005,NA,NA,NA,NA
IYS2022,Shimada,4,18,Trawl,IYS2022-Shimada-4-18-Trawl,2022,2,25,10:06:39,11:07:02,60,Night,UTC,0,27.76,8.08265,51.9628,-146.9829,51.8935,-147.0034,4230,4.2341758729390975,196.95,27.38518,NA,NA,NA,NA
IYS2022,Shimada,4,19,CTD,IYS2022-Shimada-4-19-CTD100,2022,2,26,09:21:24,09:33:33,12,Night,UTC,0,100,0,50.003166666666665,-151.50218333333333,50.003166666666665,-151.50218333333333,4949,NA,25.65,2.33305,NA,NA,NA,NA
IYS2022,Shimada,4,19,CTD,IYS2022-Shimada-4-19-CTD1000,2022,2,26,10:06:30,10:59:12,53,Night,UTC,0,1000,0,50.00346666666667,-151.5029,50.00346666666667,-151.5029,4948,NA,172.59,3.12146,NA,NA,NA,NA
IYS2022,Shimada,4,19,Trawl,IYS2022-Shimada-4-19-Trawl,2022,2,26,12:02:17,12:32:44,30,Night,UTC,0,25.04,7.490650000000001,49.9829,-151.5395,49.9609,-151.577,5001,1.9622158977981041,59.69,6.25901,NA,NA,NA,NA
IYS2022,Shimada,4,20,CTD,IYS2022-Shimada-4-20-CTD100,2022,2,26,18:51:08,19:02:28,11,Day,UTC,0,100,0,49.00286666666667,-151.50473333333332,49.00286666666667,-151.50473333333332,4873,NA,332.48,6.677350000000001,NA,NA,NA,NA
IYS2022,Shimada,4,20,CTD,IYS2022-Shimada-4-20-CTD500,2022,2,26,19:34:21,20:09:02,35,Day,UTC,0,500,0,49.00103333333333,-151.50715,49.00103333333333,-151.50715,4876,NA,317.57,9.28393,NA,NA,NA,NA
IYS2022,Shimada,4,20,Trawl,IYS2022-Shimada-4-20-Trawl,2022,2,26,20:44:34,22:44:37,120,Day,UTC,0,29.84,8.14555,48.9797,-151.5366,48.896,-151.6928,4915,7.959020314151535,302.94,8.656419999999999,NA,NA,NA,NA
IYS2022,Shimada,4,21,CTD,IYS2022-Shimada-4-21-CTD100,2022,2,27,04:23:45,04:36:12,12,Night,UTC,0,100,0,48.001083333333334,-151.50145,48.001083333333334,-151.50145,5108,NA,245.89,4.44084,NA,NA,NA,NA
IYS2022,Shimada,4,21,CTD,IYS2022-Shimada-4-21-CTD500,2022,2,27,05:08:39,05:45:29,37,Night,UTC,0,500,0,48.0022,-151.50138333333334,48.0022,-151.50138333333334,5112,NA,222.02,6.918699999999999,NA,NA,NA,NA
IYS2022,Shimada,4,21,Trawl,IYS2022-Shimada-4-21-Trawl,2022,2,27,06:58:54,07:59:48,60,Night,UTC,0,28.11,7.1595,47.9847,-151.549,47.9511,-151.631,4816,3.869010622485295,282.75,3.02492,NA,NA,NA,NA
IYS2022,Shimada,4,22,CTD,IYS2022-Shimada-4-22-CTD100,2022,2,27,14:23:16,14:34:55,12,Night,UTC,0,100,0,47.00476666666667,-151.49808333333334,47.00476666666667,-151.49808333333334,5083,NA,168.99,12.260580000000001,NA,NA,NA,NA
IYS2022,Shimada,4,22,CTD,IYS2022-Shimada-4-22-CTD1000,2022,2,27,15:11:17,16:06:30,55,Day,UTC,0,1000,0,47.00985,-151.48808333333332,47.00985,-151.48808333333332,5073,NA,140.34,13.62823,NA,NA,NA,NA
IYS2022,Shimada,4,22,Trawl,IYS2022-Shimada-4-22-Trawl,2022,2,27,17:14:03,18:44:28,90,Day,UTC,0,26.38,7.23905,47.007,-151.4737,46.9642,-151.5997,5132,5.771587721389929,101.17,13.065079999999998,NA,NA,NA,NA
IYS2022,Shimada,4,23,CTD,IYS2022-Shimada-4-23-CTD100,2022,2,28,16:32:15,16:43:11,11,Day,UTC,0,100,0,48.9975,-147.00911666666667,48.9975,-147.00911666666667,4642,NA,54.35,39.64576,NA,NA,NA,NA
IYS2022,Shimada,4,23,CTD,IYS2022-Shimada-4-23-CTD1000,2022,2,28,17:24:34,18:24:17,60,Day,UTC,0,1000,0,49.00508333333333,-147.02195,49.00508333333333,-147.02195,4653,NA,65.45,33.66028,NA,NA,NA,NA
IYS2022,Shimada,4,23,Trawl,IYS2022-Shimada-4-23-Trawl,2022,2,28,19:01:56,20:32:13,90,Day,UTC,0,28.1,6.658150000000001,49.0341,-147.0261,49.1203,-146.96190000000001,4661,5.764966921134254,23.46,31.761659999999996,NA,NA,NA,NA
IYS2022,Shimada,4,24,CTD,IYS2022-Shimada-4-24-CTD100,2022,3,1,03:34:31,03:48:48,14,Night,UTC,0,100,0,48.000616666666666,-147.00131666666667,48.000616666666666,-147.00131666666667,4685,NA,25.88,29.830859999999998,NA,NA,NA,NA
IYS2022,Shimada,4,24,CTD,IYS2022-Shimada-4-24-CTD500,2022,3,1,04:23:51,05:02:34,39,Night,UTC,0,500,0,47.9978,-147.02018333333334,47.9978,-147.02018333333334,468,NA,21.2,32.019099999999995,NA,NA,NA,NA
IYS2022,Shimada,4,24,Trawl,IYS2022-Shimada-4-24-Trawl,2022,3,1,06:18:29,07:18:36,60,Night,UTC,0,30.37,8.0327,48.0328,-147.0542,48.0946,-147.042,4676,3.7468237258225865,22.08,36.41167,NA,NA,NA,NA
IYS2022,Shimada,4,25,CTD,IYS2022-Shimada-4-25-CTD100,2022,3,1,14:09:22,14:20:57,12,Night,UTC,0,100,0,47.0014,-147.00506666666666,47.0014,-147.00506666666666,4914,NA,30.18,27.69089,NA,NA,NA,NA
IYS2022,Shimada,4,25,CTD,IYS2022-Shimada-4-25-CTD500,2022,3,1,14:56:09,15:30:21,34,Night,UTC,0,500,0,47.00333333333333,-147.02181666666667,47.00333333333333,-147.02181666666667,4914,NA,12.17,30.05612,NA,NA,NA,NA
IYS2022,Shimada,4,25,Trawl,IYS2022-Shimada-4-25-Trawl,2022,3,1,16:59:05,18:29:25,90,Day,UTC,0,27.77,7.888400000000001,47.0425,-147.06,47.1447,-147.0382,4906,6.207409217162512,337.44,23.41095,NA,NA,NA,NA
IYS2022,Shimada,4,26,CTD,IYS2022-Shimada-4-26-CTD100,2022,3,2,01:11:22,01:24:52,13,Night,UTC,0,100,0,45.99935,-146.99933333333334,45.99935,-146.99933333333334,4905,NA,276.97,6.17856,NA,NA,NA,NA
IYS2022,Shimada,4,26,CTD,IYS2022-Shimada-4-26-CTD50,2022,3,2,01:54:05,02:29:02,35,Night,UTC,0,50,0,45.998066666666666,-146.99633333333333,45.998066666666666,-146.99633333333333,4906,NA,249.86,3.5719800000000004,NA,NA,NA,NA
IYS2022,Shimada,4,26,Trawl,IYS2022-Shimada-4-26-Trawl,2022,3,2,03:12:55,04:43:16,90,Night,UTC,0,28.2,7.5221,46.0242,-146.9841,46.1214,-146.9342,4904,6.2019130481190645,196.3,6.54863,NA,NA,NA,NA
IYS2022,Shimada,4,27,CTD,IYS2022-Shimada-4-27-CTD100,2022,3,4,04:06:35,04:19:15,13,Night,UTC,0,100,0,45.99511666666667,-135.00668333333334,45.99511666666667,-135.00668333333334,3943,NA,320.55,42.23625,NA,NA,NA,NA
IYS2022,Shimada,4,27,CTD,IYS2022-Shimada-4-27-CTD500,2022,3,4,04:48:41,05:29:11,40,Night,UTC,0,500,0,45.98835,-135.0157,45.98835,-135.0157,3957,NA,325.89,33.86945,NA,NA,NA,NA
IYS2022,Shimada,4,27,Trawl,IYS2022-Shimada-4-27-Trawl,2022,3,4,06:42:29,07:42:34,60,Night,UTC,0,30.64,7.799600000000001,46.0023,-135.0778,46.0427,-135.1543,3460,4.011403466579733,332.65,41.10995,NA,NA,NA,NA
IYS2022,Shimada,4,28,CTD,IYS2022-Shimada-4-28-CTD100,2022,3,4,17:17:54,17:29:19,11,Day,UTC,0,100,0,45.00001666666667,-135.00141666666667,45.00001666666667,-135.00141666666667,4027,NA,347.95,40.3859,NA,NA,NA,NA
IYS2022,Shimada,4,28,CTD,IYS2022-Shimada-4-28-CTD500,2022,3,4,18:08:42,18:42:24,34,Day,UTC,0,500,0,44.99518333333333,-135.00951666666666,44.99518333333333,-135.00951666666666,4027,NA,357.45,31.71339,NA,NA,NA,NA
IYS2022,Shimada,4,28,Trawl,IYS2022-Shimada-4-28-Trawl,2022,3,4,19:19:05,21:19:09,120,Day,UTC,0,27.15,7.57205,45.0185,-135.0195,45.16,-135.0181,4030,8.505400056381871,9.82,33.00059,NA,NA,NA,NA
