cruise_name,vessel_name_abbr,zone,station,event_type,station_event_ID,event_date,year,month,day,time_start,time_end,sampling_duration_minutes,day_night,time_zone_code,minimum_sampling_depth_meters,maximum_sampling_depth_meters,tow_speed_kilometers_per_hour,latitude_start_decdeg,longitude_start_decdeg,latitude_end_decdeg,longitude_end_decdeg,bottom_depth_meters,tow_distance_nautical_miles,wind_direction_degrees,wind_speed_kilometers_per_hour,wave_height_meters,swell_height_meters,weather_description,comments
IYS2022,TINRO,3,1,Trawl,IYS2022-TINRO-3-1-Trawl,2022-03-02T04:10:00Z,2022,3,2,04:10:00,05:10:00,60,Day,UTC,0,24.2,9.26,48.63,-172.315,48.63,-172.2,5269,5,250,50.4,3,NA,NA,NA
IYS2022,TINRO,3,2,Trawl,IYS2022-TINRO-3-2-Trawl,2022-03-03T14:58:00Z,2022,3,3,14:58:00,15:58:00,60,Night,UTC,0,27.2,8.334,47.9133,-171.1133,47.9133,-171.0117,5400,4.5,250,64.8,4,NA,NA,NA
IYS2022,TINRO,3,3,Trawl,IYS2022-TINRO-3-3-Trawl,2022-03-03T01:23:00Z,2022,3,3,01:23:00,02:23:00,60,Day,UTC,0,28.7,8.8896,47.89,-169.4333,47.89,-169.3267,4700,4.8,250,36,4,NA,NA,NA
IYS2022,TINRO,3,4,Trawl,IYS2022-TINRO-3-4-Trawl,2022-03-04T06:23:00Z,2022,3,4,06:23:00,07:23:00,60,Night,UTC,0,28.8,8.704400000000001,47.1367,-170.2,47.1367,-170.09,4700,4.7,290,43.2,3,NA,NA,NA
IYS2022,TINRO,3,5,Trawl,IYS2022-TINRO-3-5-Trawl,2022-03-05T16:30:00Z,2022,3,5,16:30:00,17:30:00,60,Night,UTC,0,25.2,7.7784,46.2883,-169.3867,46.2883,-169.2883,5500,4.2,285,50.4,3,NA,NA,NA
IYS2022,TINRO,3,6,Trawl,IYS2022-TINRO-3-6-Trawl,2022-03-05T01:57:00Z,2022,3,5,01:57:00,02:57:00,60,Day,UTC,0,29.3,9.630400000000002,45.4683,-168.4617,45.4683,-168.3433,5000,5.2,NA,0,3,NA,NA,NA
IYS2022,TINRO,3,7,Trawl,IYS2022-TINRO-3-7-Trawl,2022-03-05T10:19:00Z,2022,3,5,10:19:00,11:19:00,60,Night,UTC,0,28.3,9.074800000000002,45.4,-167.2317,45.4,-167.3383,5000,4.9,110,36,2,NA,NA,NA
IYS2022,TINRO,3,8,Trawl,IYS2022-TINRO-3-8-Trawl,2022-03-06T18:44:00Z,2022,3,6,18:44:00,19:44:00,60,Day,UTC,0,24.2,6.6672,46.42,-167.2117,46.42,-167.2417,5500,3.6,142,39.6,1.5,NA,NA,NA
IYS2022,TINRO,3,9,Trawl,IYS2022-TINRO-3-9-Trawl,2022-03-06T04:36:00Z,2022,3,6,04:36:00,05:36:00,60,Night,UTC,0,27,8.704400000000001,47.525,-167.2783,47.525,-167.375,5500,4.7,125,50.4,2,NA,NA,NA
IYS2022,TINRO,3,10,Trawl,IYS2022-TINRO-3-10-Trawl,2022-03-07T13:30:00Z,2022,3,7,13:30:00,14:30:00,60,Night,UTC,0,27,8.704400000000001,48.5583,-167.2783,48.5583,-167.3933,5200,4.7,110,43.2,2.5,NA,NA,NA
IYS2022,TINRO,3,11,Trawl,IYS2022-TINRO-3-11-Trawl,2022-03-07T23:40:00Z,2022,3,7,23:40:00,00:40:00,60,Day,UTC,0,26.2,7.9636000000000005,49.065,-169.065,49.065,-169.17,5200,4.3,55,46.800000000000004,2,NA,NA,NA
IYS2022,TINRO,3,12,Trawl,IYS2022-TINRO-3-12-Trawl,2022-03-08T12:29:00Z,2022,3,8,12:29:00,13:29:00,60,Night,UTC,0,29.3,7.7784,49.515,-167.3617,49.515,-167.4233,5300,4.2,354,39.6,3,NA,NA,NA
IYS2022,TINRO,3,13,Trawl,IYS2022-TINRO-3-13-Trawl,2022-03-08T03:12:00Z,2022,3,8,03:12:00,04:12:00,60,Day,UTC,0,28.2,8.704400000000001,50.0667,-165.1867,50.0667,-165.3017,5000,4.7,NA,0,3,NA,NA,NA
IYS2022,TINRO,3,14,Trawl,IYS2022-TINRO-3-14-Trawl,2022-03-09T16:21:00Z,2022,3,9,16:21:00,17:21:00,60,Night,UTC,0,32.3,7.2228,50.5617,-163.01,50.5617,-162.9117,4500,3.9,83,28.8,2.5,NA,NA,NA
IYS2022,TINRO,3,15,Trawl,IYS2022-TINRO-3-15-Trawl,2022-03-09T03:46:00Z,2022,3,9,03:46:00,04:46:00,60,Day,UTC,0,25.8,8.5192,50.8617,-160.9683,50.8617,-161.0217,4500,4.6,20,28.8,1.5,NA,NA,NA
IYS2022,TINRO,3,16,Trawl,IYS2022-TINRO-3-16-Trawl,2022-03-10T18:55:00Z,2022,3,10,18:55:00,19:55:00,60,Day,UTC,0,24.5,8.334,51.2917,-158.425,51.2917,-158.5467,4800,4.5,124,32.4,2.5,NA,NA,NA
IYS2022,TINRO,3,17,Trawl,IYS2022-TINRO-3-17-Trawl,2022-03-10T08:45:00Z,2022,3,10,08:45:00,09:45:00,60,Night,UTC,0,26.3,8.148800000000001,51.905,-156.0267,51.905,-156.01,4000,4.4,180,54,2,NA,NA,NA
IYS2022,TINRO,3,18,Trawl,IYS2022-TINRO-3-18-Trawl,2022-03-11T03:03:00Z,2022,3,11,03:03:00,04:03:00,60,Day,UTC,0,27,9.26,50.9367,-155.975,50.9367,-155.8933,4500,5,220,64.8,4,NA,NA,NA
IYS2022,TINRO,3,19,Trawl,IYS2022-TINRO-3-19-Trawl,2022-03-12T18:52:00Z,2022,3,12,18:52:00,19:52:00,60,Day,UTC,0,26.2,8.5192,49.8883,-155.9633,49.8883,-155.8517,4400,4.6,248,46.800000000000004,3,NA,NA,NA
IYS2022,TINRO,3,20,Trawl,IYS2022-TINRO-3-20-Trawl,2022-03-12T06:18:00Z,2022,3,12,06:18:00,07:18:00,60,Night,UTC,0,30,7.9636000000000005,48.8267,-155.9283,48.8267,-155.8267,4000,4.3,250,36,2.5,NA,NA,NA
IYS2022,TINRO,3,21,Trawl,IYS2022-TINRO-3-21-Trawl,2022-03-13T00:37:00Z,2022,3,13,00:37:00,01:37:00,60,Day,UTC,0,26.2,8.5192,50.4433,-158.415,50.4433,-158.5317,5000,4.6,80,72,3.5,NA,NA,NA
IYS2022,TINRO,3,22,Trawl,IYS2022-TINRO-3-22-Trawl,2022-03-14T02:17:00Z,2022,3,14,02:17:00,03:17:00,60,Day,UTC,0,28.2,8.334,49.5233,-158.5033,49.5233,-158.4367,4500,4.5,330,72,4,NA,NA,NA
IYS2022,TINRO,3,23,Trawl,IYS2022-TINRO-3-23-Trawl,2022-03-15T11:29:00Z,2022,3,15,11:29:00,12:29:00,60,Night,UTC,0,25,8.5192,48.4467,-158.35,48.4467,-158.2417,4000,4.6,280,43.2,3,NA,NA,NA
IYS2022,TINRO,3,24,Trawl,IYS2022-TINRO-3-24-Trawl,2022-03-15T20:47:00Z,2022,3,15,20:47:00,21:47:00,60,Day,UTC,0,29.2,9.26,47.5367,-158.33,47.5367,-158.315,3800,5,182,57.6,2.5,NA,NA,NA
IYS2022,TINRO,3,25,Trawl,IYS2022-TINRO-3-25-Trawl,2022-03-16T05:40:00Z,2022,3,16,05:40:00,06:40:00,60,Night,UTC,0,30.3,8.8896,46.915,-160.905,46.915,-160.795,4000,4.8,300,57.6,4,NA,NA,NA
IYS2022,TINRO,3,26,Trawl,IYS2022-TINRO-3-26-Trawl,2022-03-17T17:41:00Z,2022,3,17,17:41:00,18:41:00,60,Day,UTC,0,26.7,8.5192,47.88,-160.84,47.88,-160.7333,4800,4.6,299,18,2,NA,NA,NA
IYS2022,TINRO,3,27,Trawl,IYS2022-TINRO-3-27-Trawl,2022-03-17T03:45:00Z,2022,3,17,03:45:00,04:45:00,60,Day,UTC,0,28,8.704400000000001,48.86,-160.8433,48.86,-160.755,4000,4.7,330,36,2.5,NA,NA,NA
IYS2022,TINRO,3,28,Trawl,IYS2022-TINRO-3-28-Trawl,2022-03-18T16:24:00Z,2022,3,18,16:24:00,17:24:00,60,Night,UTC,0,26.8,8.5192,49.8833,-160.9017,49.8833,-160.7883,4600,4.6,328,64.8,3,NA,NA,NA
IYS2022,TINRO,3,29,Trawl,IYS2022-TINRO-3-29-Trawl,2022-03-19T14:40:00Z,2022,3,19,14:40:00,15:40:00,60,Night,UTC,0,24.7,8.334,49.615,-163.0067,49.615,-162.9467,5000,4.5,300,72,4,NA,NA,NA
IYS2022,TINRO,3,30,Trawl,IYS2022-TINRO-3-30-Trawl,2022-03-19T23:20:00Z,2022,3,19,23:20:00,00:20:00,60,Day,UTC,0,29,8.5192,48.605,-162.9933,48.605,-162.8883,5000,4.6,310,50.4,2,NA,NA,NA
IYS2022,TINRO,3,31,Trawl,IYS2022-TINRO-3-31-Trawl,2022-03-20T12:16:00Z,2022,3,20,12:16:00,13:16:00,60,Night,UTC,0,25.5,8.8896,48.135,-165.1433,48.135,-165.2183,4300,4.8,42,61.2,2.5,NA,NA,NA
IYS2022,TINRO,3,32,Trawl,IYS2022-TINRO-3-32-Trawl,2022-03-20T02:52:00Z,2022,3,20,02:52:00,03:52:00,60,Day,UTC,0,27.7,8.334,49.1383,-165.1467,49.1383,-165.11,5100,4.5,340,79.2,4,NA,NA,NA
IYS2022,TINRO,3,1,CTD,IYS2022-TINRO-3-1-CTD,2022-03-02T15:22:43Z,2022,3,2,15:22:43,15:47:03,24.33,NA,UTC,0,1000,NA,48.62513,-172.36215,48.62285,-172.35773,5200,NA,250,50.4,3,NA,NA,NA
IYS2022,TINRO,3,2,CTD,IYS2022-TINRO-3-2-CTD,2022-03-02T02:11:21Z,2022,3,2,02:11:21,02:36:41,25.33,NA,UTC,0,1000,NA,47.91104,-171.155,47.90607,-171.1539,5400,NA,250,64.8,4,NA,NA,NA
IYS2022,TINRO,3,3,CTD,IYS2022-TINRO-3-3-CTD,2022-03-03T15:30:33Z,2022,3,3,15:30:33,16:02:58,32.42,NA,UTC,0,1000,NA,47.92146,-169.27314,47.926,-169.25165,5400,NA,250,36,4,NA,NA,NA
IYS2022,TINRO,3,4,CTD,IYS2022-TINRO-3-4-CTD,2022-03-04T17:36:11Z,2022,3,4,17:36:11,18:05:16,29.08,NA,UTC,0,1000,NA,47.12165,-170.24799,47.12521,-170.23476,5500,NA,290,43.2,3,NA,NA,NA
IYS2022,TINRO,3,5,CTD,IYS2022-TINRO-3-5-CTD,2022-03-04T03:38:57Z,2022,3,4,03:38:57,04:09:48,30.85,NA,UTC,0,1000,NA,46.29369,-169.40751,46.28633,-169.4185,5400,NA,285,50.4,3,NA,NA,NA
IYS2022,TINRO,3,6,CTD,IYS2022-TINRO-3-6-CTD,2022-03-05T13:04:52Z,2022,3,5,13:04:52,13:34:54,30.03,NA,UTC,0,1000,NA,45.48726,-168.51651,45.48052,-168.49946,5300,NA,0,0,3,NA,NA,NA
IYS2022,TINRO,3,7,CTD,IYS2022-TINRO-3-7-CTD,2022-03-05T21:20:29Z,2022,3,5,21:20:29,21:47:44,27.25,NA,UTC,0,1000,NA,45.38496,-167.17782,45.38804,-167.19019,5000,NA,110,36,2,NA,NA,NA
IYS2022,TINRO,3,8,CTD,IYS2022-TINRO-3-8-CTD,2022-03-05T06:02:03Z,2022,3,5,06:02:03,06:26:14,24.18,NA,UTC,0,1000,NA,46.39771,-167.20602,46.40116,-167.20499,5400,NA,142,39.6,1.5,NA,NA,NA
IYS2022,TINRO,3,9,CTD,IYS2022-TINRO-3-9-CTD,2022-03-06T15:49:39Z,2022,3,6,15:49:39,16:15:00,25.35,NA,UTC,0,1000,NA,47.50805,-167.25277,47.5107,-167.24741,5400,NA,125,50.4,2,NA,NA,NA
IYS2022,TINRO,3,10,CTD,IYS2022-TINRO-3-10-CTD,2022-03-06T00:44:11Z,2022,3,6,00:44:11,01:10:41,26.5,NA,UTC,0,1000,NA,48.54541,-167.25306,48.54948,-167.24506,5400,NA,110,43.2,2.5,NA,NA,NA
IYS2022,TINRO,3,11,CTD,IYS2022-TINRO-3-11-CTD,2022-03-06T10:53:54Z,2022,3,6,10:53:54,11:21:52,27.97,NA,UTC,0,1000,NA,49.05502,-169.03224,49.06298,-169.03169,5000,NA,55,46.800000000000004,2,NA,NA,NA
IYS2022,TINRO,3,12,CTD,IYS2022-TINRO-3-12-CTD,2022-03-07T23:37:14Z,2022,3,7,23:37:14,00:05:39,28.42,NA,UTC,0,1000,NA,49.53333,-167.32723,49.5312,-167.33957,5200,NA,354,39.6,3,NA,NA,NA
IYS2022,TINRO,3,13,CTD,IYS2022-TINRO-3-13-CTD,2022-03-08T14:26:09Z,2022,3,8,14:26:09,14:52:35,26.43,NA,UTC,0,1000,NA,50.07601,-165.14425,50.07535,-165.15273,5000,NA,0,0,3,NA,NA,NA
IYS2022,TINRO,3,14,CTD,IYS2022-TINRO-3-14-CTD,2022-03-08T03:34:17Z,2022,3,8,03:34:17,03:59:45,25.47,NA,UTC,0,1000,NA,50.55782,-163.03213,50.55741,-163.03909,4500,NA,83,28.8,2.5,NA,NA,NA
IYS2022,TINRO,3,15,CTD,IYS2022-TINRO-3-15-CTD,2022-03-09T15:04:01Z,2022,3,9,15:04:01,15:28:18,24.28,NA,UTC,0,1000,NA,50.88569,-160.95154,50.88175,-160.95577,4900,NA,20,28.8,1.5,NA,NA,NA
IYS2022,TINRO,3,16,CTD,IYS2022-TINRO-3-16-CTD,2022-03-09T06:07:48Z,2022,3,9,06:07:48,06:33:01,25.22,NA,UTC,0,1000,NA,51.29629,-158.38107,51.29583,-158.38914,4000,NA,124,32.4,2.5,NA,NA,NA
IYS2022,TINRO,3,17,CTD,IYS2022-TINRO-3-17-CTD,2022-03-10T20:01:17Z,2022,3,10,20:01:17,20:26:56,25.65,NA,UTC,0,1000,NA,51.8798,-156.03717,51.88539,-156.03798,4600,NA,180,54,2,NA,NA,NA
IYS2022,TINRO,3,18,CTD,IYS2022-TINRO-3-18-CTD,2022-03-11T14:19:24Z,2022,3,11,14:19:24,14:44:10,24.77,NA,UTC,0,1000,NA,50.91935,-156.00761,50.91721,-156.00125,4000,NA,220,64.8,4,NA,NA,NA
IYS2022,TINRO,3,19,CTD,IYS2022-TINRO-3-19-CTD,2022-03-11T06:03:51Z,2022,3,11,06:03:51,06:29:22,25.52,NA,UTC,0,1000,NA,49.88259,-156.00476,49.87958,-156.00458,4400,NA,248,46.800000000000004,3,NA,NA,NA
IYS2022,TINRO,3,20,CTD,IYS2022-TINRO-3-20-CTD,2022-03-12T17:32:32Z,2022,3,12,17:32:32,17:59:50,27.3,NA,UTC,0,1000,NA,48.81895,-155.97762,48.81946,-155.96449,3900,NA,250,36,2.5,NA,NA,NA
IYS2022,TINRO,3,21,CTD,IYS2022-TINRO-3-21-CTD,2022-03-12T11:47:24Z,2022,3,12,11:47:24,12:17:05,29.68,NA,UTC,0,1000,NA,50.43623,-158.37836,50.44162,-158.37453,5000,NA,80,72,3.5,NA,NA,NA
IYS2022,TINRO,3,22,CTD,IYS2022-TINRO-3-22-CTD,2022-03-14T13:31:39Z,2022,3,14,13:31:39,13:56:10,24.52,NA,UTC,0,1000,NA,49.54291,-158.52379,49.54213,-158.52694,4000,NA,330,72,4,NA,NA,NA
IYS2022,TINRO,3,23,CTD,IYS2022-TINRO-3-23-CTD,2022-03-14T22:32:33Z,2022,3,14,22:32:33,23:08:03,35.5,NA,UTC,0,1000,NA,48.46968,-158.37055,48.45597,-158.38011,4000,NA,280,43.2,3,NA,NA,NA
IYS2022,TINRO,3,24,CTD,IYS2022-TINRO-3-24-CTD,2022-03-14T07:55:03Z,2022,3,14,07:55:03,08:28:33,33.5,NA,UTC,0,1000,NA,47.49732,-158.34222,47.51129,-158.33462,3800,NA,182,57.6,2.5,NA,NA,NA
IYS2022,TINRO,3,25,CTD,IYS2022-TINRO-3-25-CTD,2022-03-16T16:57:00Z,2022,3,16,16:57:00,17:22:02,25.03,NA,UTC,0,1000,NA,46.92389,-160.93426,46.9202,-160.93892,4200,NA,300,57.6,4,NA,NA,NA
IYS2022,TINRO,3,26,CTD,IYS2022-TINRO-3-26-CTD,2022-03-16T04:56:43Z,2022,3,16,04:56:43,05:23:27,26.73,NA,UTC,0,1000,NA,47.88106,-160.88602,47.87812,-160.87628,4000,NA,299,18,2,NA,NA,NA
IYS2022,TINRO,3,27,CTD,IYS2022-TINRO-3-27-CTD,2022-03-17T14:59:27Z,2022,3,17,14:59:27,15:27:11,27.73,NA,UTC,0,1000,NA,48.88869,-160.8692,48.88179,-160.86055,4000,NA,330,36,2.5,NA,NA,NA
IYS2022,TINRO,3,28,CTD,IYS2022-TINRO-3-28-CTD,2022-03-17T03:41:11Z,2022,3,17,03:41:11,04:07:06,25.92,NA,UTC,0,1000,NA,49.89791,-160.93317,49.89469,-160.93575,5000,NA,328,64.8,3,NA,NA,NA
IYS2022,TINRO,3,29,CTD,IYS2022-TINRO-3-29-CTD,2022-03-18T01:48:59Z,2022,3,18,01:48:59,02:14:15,25.27,NA,UTC,0,1000,NA,49.64126,-163.02577,49.64105,-163.03083,5000,NA,300,72,4,NA,NA,NA
IYS2022,TINRO,3,30,CTD,IYS2022-TINRO-3-30-CTD,2022-03-18T10:34:25Z,2022,3,18,10:34:25,11:02:54,28.48,NA,UTC,0,1000,NA,48.62582,-163.02722,48.61713,-163.02579,5080,NA,310,50.4,2,NA,NA,NA
IYS2022,TINRO,3,31,CTD,IYS2022-TINRO-3-31-CTD,2022-03-19T23:27:45Z,2022,3,19,23:27:45,23:59:35,31.83,NA,UTC,0,1000,NA,48.1473,-165.10615,48.1534,-165.12043,4500,NA,42,61.2,2.5,NA,NA,NA
IYS2022,TINRO,3,32,CTD,IYS2022-TINRO-3-32-CTD,2022-03-20T16:34:30Z,2022,3,20,16:34:30,16:59:06,24.6,NA,UTC,0,1000,NA,49.04556,-165.10311,49.04476,-165.10855,5000,NA,340,79.2,4,NA,NA,NA
IYS2022,NW,2,1,CanTrawl,IYS2022-NW-2-1-CanTrawl,2022-04-03T23:20:10Z,2022,4,3,23:20:10,00:21:01,61,NA,UTC,0,33.77,NA,53.6245,-162.972,53.6893,-162.9963,NA,NA,NA,NA,NA,NA,NA,NA
IYS2022,NW,2,2,CanTrawl,IYS2022-NW-2-2-CanTrawl,2022-04-04T17:30:32Z,2022,4,4,17:30:32,18:31:25,61,NA,UTC,0,35.34,NA,52.6629,-163.1263,52.596,-163.0646,NA,NA,NA,NA,NA,NA,NA,NA
IYS2022,NW,2,3,CanTrawl,IYS2022-NW-2-3-CanTrawl,2022-04-05T01:55:04Z,2022,4,5,01:55:04,02:56:01,61,NA,UTC,0,35.9,NA,51.6803,-163.1202,51.6295,-163.053,NA,NA,NA,NA,NA,NA,NA,NA
IYS2022,NW,2,4,CanTrawl,IYS2022-NW-2-4-CanTrawl,2022-04-05T17:02:57Z,2022,4,5,17:02:57,18:03:49,61,NA,UTC,0,34.47,NA,50.6348,-163.041,50.5643,-163.0179,NA,NA,NA,NA,NA,NA,NA,NA
IYS2022,NW,2,5,CanTrawl,IYS2022-NW-2-5-CanTrawl,2022-04-06T02:03:36Z,2022,4,6,02:03:36,03:04:29,60,NA,UTC,0,33.98,NA,49.6047,-163.0316,49.5334,-163.0026,NA,NA,NA,NA,NA,NA,NA,NA
IYS2022,NW,2,6,CanTrawl,IYS2022-NW-2-6-CanTrawl,2022-04-06T17:12:22Z,2022,4,6,17:12:22,18:13:25,61,NA,UTC,0,35.58,NA,49.1645,-165.1364,49.2255,-165.1187,NA,NA,NA,NA,NA,NA,NA,NA
IYS2022,NW,2,6,CanTrawl,IYS2022-NW-2-6-CanTrawl2,2022-04-06T20:43:51Z,2022,4,6,20:43:51,20:59:04,15,NA,UTC,0,428.08,NA,49.3063,-165.1664,49.3201,-165.1657,NA,NA,NA,NA,NA,NA,NA,NA
IYS2022,NW,2,7,CanTrawl,IYS2022-NW-2-7-CanTrawl,2022-04-07T03:43:58Z,2022,4,7,03:43:58,04:44:50,61,NA,UTC,0,35.8,NA,50.1573,-165.1813,50.2246,-165.1921,NA,NA,NA,NA,NA,NA,NA,NA
IYS2022,NW,2,8,CanTrawl,IYS2022-NW-2-8-CanTrawl,2022-04-07T16:58:45Z,2022,4,7,16:58:45,17:59:45,61,NA,UTC,0,35.3,NA,51.1815,-165.231,51.2497,-165.2472,NA,NA,NA,NA,NA,NA,NA,NA
IYS2022,NW,2,9,CanTrawl,IYS2022-NW-2-9-CanTrawl,2022-04-08T01:01:43Z,2022,4,8,01:01:43,02:02:34,61,NA,UTC,0,36.55,NA,52.1884,-165.2296,52.2482,-165.2604,NA,NA,NA,NA,NA,NA,NA,NA
IYS2022,NW,2,10,CanTrawl,IYS2022-NW-2-10-CanTrawl,2022-04-08T16:54:51Z,2022,4,8,16:54:51,17:55:42,61,NA,UTC,0,38.19,NA,53.3191,-165.326,53.3722,-165.3744,NA,NA,NA,NA,NA,NA,NA,NA
IYS2022,NW,2,10,CanTrawl,IYS2022-NW-2-10-CanTrawl2,2022-04-08T18:47:11Z,2022,4,8,18:47:11,19:02:25,15,NA,UTC,0,255.2,NA,53.4029,-165.377,53.4172,-165.3715,NA,NA,NA,NA,NA,NA,NA,NA
IYS2022,NW,2,11,CanTrawl,IYS2022-NW-2-11-CanTrawl,2022-04-11T17:17:15Z,2022,4,11,17:17:15,18:18:07,61,NA,UTC,0,40.74,NA,51.8884,-167.3066,51.8248,-167.3217,NA,NA,NA,NA,NA,NA,NA,NA
IYS2022,NW,2,12,CanTrawl,IYS2022-NW-2-12-CanTrawl,2022-04-12T02:23:13Z,2022,4,12,02:23:13,03:24:06,61,NA,UTC,0,38.08,NA,50.8318,-167.3551,50.7718,-167.3185,NA,NA,NA,NA,NA,NA,NA,NA
IYS2022,NW,2,13,CanTrawl,IYS2022-NW-2-13-CanTrawl,2022-04-12T17:25:55Z,2022,4,12,17:25:55,18:26:47,61,NA,UTC,0,40.06,NA,49.8961,-167.3189,49.8379,-167.2953,NA,NA,NA,NA,NA,NA,NA,NA
IYS2022,NW,2,13,CanTrawl,IYS2022-NW-2-13-CanTrawl2,2022-04-12T20:40:16Z,2022,4,12,20:40:16,20:55:30,15,NA,UTC,0,309.1,NA,49.7344,-167.2619,49.7212,-167.2603,NA,NA,NA,NA,NA,NA,NA,NA
IYS2022,NW,2,14,CanTrawl,IYS2022-NW-2-14-CanTrawl,2022-04-13T04:11:14Z,2022,4,13,04:11:14,05:12:05,61,NA,UTC,0,39.54,NA,48.8138,-167.3097,48.7875,-167.3932,NA,NA,NA,NA,NA,NA,NA,NA
IYS2022,NW,2,15,CanTrawl,IYS2022-NW-2-15-CanTrawl,2022-04-13T17:02:05Z,2022,4,13,17:02:05,18:02:56,61,NA,UTC,0,37.27,NA,48.4956,-169.4349,48.5631,-169.4597,NA,NA,NA,NA,NA,NA,NA,NA
IYS2022,NW,2,16,CanTrawl,IYS2022-NW-2-16-CanTrawl,2022-04-14T01:23:03Z,2022,4,14,01:23:03,02:23:54,61,NA,UTC,0,36.36,NA,49.482,-169.4789,49.4733,-169.5834,NA,NA,NA,NA,NA,NA,NA,NA
IYS2022,NW,2,17,CanTrawl,IYS2022-NW-2-17-CanTrawl,2022-04-14T17:37:53Z,2022,4,14,17:37:53,18:38:45,61,NA,UTC,0,37.26944444,NA,49.1654,-171.572,49.1065,-171.5096,NA,NA,NA,NA,NA,NA,NA,NA
IYS2022,NW,2,18,CanTrawl,IYS2022-NW-2-18-CanTrawl,2022-04-15T19:45:19Z,2022,4,15,19:45:19,20:46:10,61,NA,UTC,0,37.26944444,NA,48.6943,-173.6493,48.7524,-173.5741,NA,NA,NA,NA,NA,NA,NA,No 3rd wire or bongo due to sea states. SST 3.95
IYS2022,NW,2,19,CanTrawl,IYS2022-NW-2-19-CanTrawl,2022-04-16T18:03:43Z,2022,4,16,18:03:43,19:04:35,61,NA,UTC,0,37.26944444,NA,50.2332,-171.6187,50.3115,-171.6152,NA,NA,NA,NA,NA,NA,NA,No 3rd wire due to sea state.  SST 4.77
IYS2022,NW,2,20,CanTrawl,IYS2022-NW-2-20-CanTrawl,2022-04-17T02:27:44Z,2022,4,17,02:27:44,03:28:36,61,NA,UTC,0,33.4,NA,51.2046,-171.4807,51.187,-171.3727,NA,NA,NA,NA,NA,NA,NA,NA
IYS2022,NW,2,21,CanTrawl,IYS2022-NW-2-21-CanTrawl,2022-04-17T17:30:09Z,2022,4,17,17:30:09,18:31:01,61,NA,UTC,0,37.26944444,NA,50.4802,-169.4903,50.5565,-169.4702,NA,NA,NA,NA,NA,NA,NA,NA
IYS2022,NW,2,22,CanTrawl,IYS2022-NW-2-22-CanTrawl,2022-04-18T02:12:59Z,2022,4,18,02:12:59,03:13:50,61,NA,UTC,0,35.52,NA,51.5255,-169.4892,51.5689,-169.4023,NA,NA,NA,NA,NA,NA,NA,NA
IYS2022,Shimada,4,1,Trawl,IYS2022-Shimada-4-1-Trawl,2022-02-05T18:32:02Z,2022,2,5,18:32:02,19:32:13,60,Day,UTC,0,30.97,7.23905,47.791,-126.2413,47.7964,-126.3459,1857,4.236227035552386,328.88,2.34914,NA,NA,NA,GEAR_TRIAL
IYS2022,Shimada,4,1,CTD,IYS2022-Shimada-4-1-CTD100,2022-02-05T20:36:08Z,2022,2,5,20:36:08,20:48:02,12,Day,UTC,0,100,0,47.789883333333336,-126.38516666666666,47.789883333333336,-126.38516666666666,NA,NA,164.56,7.59448,NA,NA,NA,GEAR_TRIAL
IYS2022,Shimada,4,1,CTD,IYS2022-Shimada-4-1-CTD500,2022-02-05T21:17:25Z,2022,2,5,21:17:25,21:45:20,28,Day,UTC,0,500,0,47.78681666666667,-126.4011,47.78681666666667,-126.4011,NA,NA,212.74,3.82942,NA,NA,NA,GEAR_TRIAL
IYS2022,Shimada,4,2,CTD,IYS2022-Shimada-4-2-CTD100,2022-02-06T19:56:04Z,2022,2,6,19:56:04,20:09:37,13,Day,UTC,0,100,0,46.85006666666666,-130.67776666666666,46.85006666666666,-130.67776666666666,2339,NA,193.78,31.214599999999997,NA,NA,NA,NA
IYS2022,Shimada,4,2,CTD,IYS2022-Shimada-4-2-CTD500,2022-02-06T20:37:53Z,2022,2,6,20:37:53,21:14:14,36,Day,UTC,0,500,0,46.85075,-130.66033333333334,46.85075,-130.66033333333334,2411,NA,197.74,25.872719999999997,NA,NA,NA,NA
IYS2022,Shimada,4,2,Trawl,IYS2022-Shimada-4-2-Trawl,2022-02-06T22:58:34Z,2022,2,6,22:58:34,23:59:01,60,Day,UTC,0,29,3.6186000000000003,46.7975,-130.6276,46.7349,-130.6331,2798,3.769529049356436,173.25,33.4672,NA,NA,NA,Codend wasn't fully closed so nothing was retained in codend.
IYS2022,Shimada,4,3,CTD,IYS2022-Shimada-4-3-CTD100,2022-02-10T16:23:34Z,2022,2,10,16:23:34,16:34:30,11,Day,UTC,0,100,0,50.0025,-146.9959,50.0025,-146.9959,4372,NA,168.68,33.563739999999996,NA,NA,NA,CTD malfunctioning
IYS2022,Shimada,4,3,CTD,IYS2022-Shimada-4-3-CTD500,2022-02-10T17:14:23Z,2022,2,10,17:14:23,17:47:49,33,Day,UTC,0,500,0,50.00776666666667,-146.98616666666666,50.00776666666667,-146.98616666666666,4385,NA,192.49,34.07862,NA,NA,NA,CTD malfunctioning
IYS2022,Shimada,4,3,Trawl,IYS2022-Shimada-4-3-Trawl,2022-02-10T18:47:06Z,2022,2,10,18:47:06,19:47:38,60,Day,UTC,0,28.24,7.431450000000001,49.8903,-146.954,49.927,-146.8987,4396,3.0738450733793923,167.6,39.983650000000004,NA,NA,NA,NA
IYS2022,Shimada,4,4,CTD,IYS2022-Shimada-4-4-CTD100,2022-02-11T22:29:35Z,2022,2,11,22:29:35,22:34:55,5,Day,UTC,0,100,0,51.994616666666666,-146.99825,51.994616666666666,-146.99825,4286,NA,212.25,34.09471,NA,NA,NA,CTD malfunctioning
IYS2022,Shimada,4,5,CTD,IYS2022-Shimada-4-5-CTD100,2022-02-12T22:59:00Z,2022,2,12,22:59:00,23:09:31,10,Day,UTC,0,100,0,55.06283333333333,-151.49716666666666,55.06283333333333,-151.49716666666666,4018,NA,NA,NA,NA,NA,NA,"CTD malfunctioning, too rough to sample"
IYS2022,Shimada,4,6,CTD,IYS2022-Shimada-4-6-CTD915,2022-02-15T09:56:17Z,2022,2,15,09:56:17,10:32:54,36,Night,UTC,0,915,0,56.47515,-151.97805,56.47515,-151.97805,NA,NA,250.42,22.13984,NA,NA,NA,"Alaska stream, CTD only"
IYS2022,Shimada,4,7,CTD,IYS2022-Shimada-4-7-CTD1000,2022-02-15T11:41:44Z,2022,2,15,11:41:44,12:20:02,38,Night,UTC,0,1000,0,56.38046666666666,-151.87518333333333,56.38046666666666,-151.87518333333333,2843,NA,241.53,16.540519999999997,NA,NA,NA,"Alaska stream, CTD only"
IYS2022,Shimada,4,8,CTD,IYS2022-Shimada-4-8-CTD1000,2022-02-15T13:28:42Z,2022,2,15,13:28:42,14:06:02,37,Night,UTC,0,1000,0,56.26725,-151.7547,56.26725,-151.7547,4088,NA,247.76,21.14226,NA,NA,NA,"Alaska stream, CTD only"
IYS2022,Shimada,4,9,CTD,IYS2022-Shimada-4-9-CTD1000,2022-02-15T15:22:16Z,2022,2,15,15:22:16,15:59:05,37,Day,UTC,0,1000,0,56.1481,-151.64211666666668,56.1481,-151.64211666666668,5322,NA,225.94,19.66198,NA,NA,NA,"Alaska stream, CTD only"
IYS2022,Shimada,4,10,CTD,IYS2022-Shimada-4-10-CTD100,2022-02-15T17:24:50Z,2022,2,15,17:24:50,17:35:19,10,Day,UTC,0,100,0,56.00033333333333,-151.49571666666668,56.00033333333333,-151.49571666666668,5327,NA,238.26,25.56701,NA,NA,NA,NA
IYS2022,Shimada,4,10,CTD,IYS2022-Shimada-4-10-CTD1000,2022-02-15T18:14:51Z,2022,2,15,18:14:51,19:08:40,53,Day,UTC,0,1000,0,55.995783333333335,-151.48921666666666,55.995783333333335,-151.48921666666666,5328,NA,229.77,17.02322,NA,NA,NA,"Alaska stream, full station"
IYS2022,Shimada,4,10,Trawl,IYS2022-Shimada-4-10-Trawl,2022-02-15T20:18:23Z,2022,2,15,20:18:23,21:48:39,90,Day,UTC,0,27.66,8.386050000000001,55.9524,-151.5045,55.8521,-151.578,5329,6.51767437870013,208.8,18.8253,NA,NA,NA,NA
IYS2022,Shimada,4,11,CTD,IYS2022-Shimada-4-11-CTD100,2022-02-16T05:38:20Z,2022,2,16,05:38:20,05:49:06,11,Night,UTC,0,100,0,57.00005,-150.99663333333334,57.00005,-150.99663333333334,925,NA,197.01,26.451960000000003,NA,NA,NA,NA
IYS2022,Shimada,4,11,CTD,IYS2022-Shimada-4-11-CTD500,2022-02-16T06:19:12Z,2022,2,16,06:19:12,06:58:52,40,Night,UTC,0,500,0,56.99215,-150.98283333333333,56.99215,-150.98283333333333,858,NA,200.82,26.291059999999998,NA,NA,NA,NA
IYS2022,Shimada,4,11,Trawl,IYS2022-Shimada-4-11-Trawl,2022-02-16T08:01:29Z,2022,2,16,08:01:29,09:02:04,60,Night,UTC,0,29.48,7.0966000000000005,56.9355,-150.9696,56.8637,-151.0074,989,4.490534460320376,201.14,32.356989999999996,NA,NA,NA,NA
IYS2022,Shimada,4,12,CTD,IYS2022-Shimada-4-12-CTD100,2022-02-21T16:55:29Z,2022,2,21,16:55:29,17:06:40,11,Day,UTC,0,100,0,58.004016666666665,-146.98925,58.004016666666665,-146.98925,4864,NA,140.16,13.09726,NA,NA,NA,NA
IYS2022,Shimada,4,12,CTD,IYS2022-Shimada-4-12-CTD1000,2022-02-21T17:39:35Z,2022,2,21,17:39:35,18:31:06,51,Day,UTC,0,1000,0,58.0089,-146.98548333333332,58.0089,-146.98548333333332,4872,NA,128.24,14.545359999999999,NA,NA,NA,NA
IYS2022,Shimada,4,12,Trawl,IYS2022-Shimada-4-12-Trawl,2022-02-21T19:24:29Z,2022,2,21,19:24:29,20:54:51,90,Day,UTC,0,27.97,7.2871500000000005,57.9954,-146.9366,57.9142,-146.8203,4816,6.130137221315913,172.04,10.651580000000001,NA,NA,NA,NA
IYS2022,Shimada,4,13,CTD,IYS2022-Shimada-4-13-CTD100,2022-02-22T04:04:05Z,2022,2,22,04:04:05,04:17:15,13,Night,UTC,0,100,0,57.00168333333333,-146.99468333333334,57.00168333333333,-146.99468333333334,4208,NA,197.23,29.171169999999996,NA,NA,NA,NA
IYS2022,Shimada,4,13,CTD,IYS2022-Shimada-4-13-CTD500,2022-02-22T04:55:29Z,2022,2,22,04:55:29,05:30:06,35,Night,UTC,0,500,0,57.003,-146.9675,57.003,-146.9675,4195,NA,181.44,29.975669999999997,NA,NA,NA,NA
IYS2022,Shimada,4,13,Trawl,IYS2022-Shimada-4-13-Trawl,2022-02-22T07:05:32Z,2022,2,22,07:05:32,08:05:36,60,Night,UTC,0,31.38,7.609050000000001,56.9373,-146.8947,56.869,-146.9185,4103,4.178992256356226,201.71,27.44954,NA,NA,NA,NA
IYS2022,Shimada,4,14,CTD,IYS2022-Shimada-4-14-CTD100,2022-02-22T17:05:56Z,2022,2,22,17:05:56,17:17:24,11,Day,UTC,0,100,0,56.00096666666666,-146.99916666666667,56.00096666666666,-146.99916666666667,4084,NA,223.17,24.97168,NA,NA,NA,NA
IYS2022,Shimada,4,14,CTD,IYS2022-Shimada-4-14-CTD500,2022-02-22T17:54:08Z,2022,2,22,17:54:08,18:32:19,38,Day,UTC,0,500,0,55.9953,-146.98996666666667,55.9953,-146.98996666666667,4086,NA,212.93,24.03846,NA,NA,NA,NA
IYS2022,Shimada,4,14,Trawl,IYS2022-Shimada-4-14-Trawl,2022-02-22T19:13:42Z,2022,2,22,19:13:42,20:43:59,90,Day,UTC,0,28.4,8.454500000000001,55.9688,-146.9918,55.8704,-147.0524,4088,6.256848837726877,210.17,22.300739999999998,NA,NA,NA,NA
IYS2022,Shimada,4,15,CTD,IYS2022-Shimada-4-15-CTD100,2022-02-23T04:12:06Z,2022,2,23,04:12:06,04:25:43,14,Night,UTC,0,100,0,54.999383333333334,-146.9912,54.999383333333334,-146.9912,4181,NA,204.61,26.32324,NA,NA,NA,NA
IYS2022,Shimada,4,15,CTD,IYS2022-Shimada-4-15-CTD1000,2022-02-23T04:57:22Z,2022,2,23,04:57:22,05:54:02,57,Night,UTC,0,1000,0,54.995466666666665,-146.97818333333333,54.995466666666665,-146.97818333333333,4184,NA,212.52,31.906469999999995,NA,NA,NA,NA
IYS2022,Shimada,4,15,Trawl,IYS2022-Shimada-4-15-Trawl,2022-02-23T07:15:21Z,2022,2,23,07:15:21,08:15:23,60,Night,UTC,0,30.41,7.0522,54.948,-146.962,54.8867,-146.9756,4189,3.7144168752525166,190.43,27.44954,NA,NA,NA,NA
IYS2022,Shimada,4,16,CTD,IYS2022-Shimada-4-16-CTD100,2022-02-23T17:04:24Z,2022,2,23,17:04:24,17:16:19,12,Day,UTC,0,100,0,54.001083333333334,-147.00223333333332,54.001083333333334,-147.00223333333332,4137,NA,168.46,40.17673,NA,NA,NA,NA
IYS2022,Shimada,4,16,CTD,IYS2022-Shimada-4-16-CTD500,2022-02-23T17:53:06Z,2022,2,23,17:53:06,18:30:05,37,Day,UTC,0,500,0,54.007216666666665,-147.00453333333334,54.007216666666665,-147.00453333333334,4128,NA,154.91,42.55805,NA,NA,NA,NA
IYS2022,Shimada,4,16,Trawl,IYS2022-Shimada-4-16-Trawl,2022-02-23T19:09:29Z,2022,2,23,19:09:29,20:39:33,90,Day,UTC,0,28.48,6.8690500000000005,53.9953,-146.9777,53.9456,-146.8539,4116,5.299261411809554,130.33,33.80509,NA,NA,NA,NA
IYS2022,Shimada,4,17,CTD,IYS2022-Shimada-4-17-CTD100,2022-02-24T17:10:26Z,2022,2,24,17:10:26,17:21:20,11,Day,UTC,0,100,0,52.99915,-146.99818333333334,52.99915,-146.99818333333334,4239,NA,129.5,37.6506,NA,NA,NA,NA
IYS2022,Shimada,4,17,CTD,IYS2022-Shimada-4-17-CTD500,2022-02-24T17:51:44Z,2022,2,24,17:51:44,18:29:44,38,Day,UTC,0,500,0,52.9995,-146.98993333333334,52.9995,-146.98993333333334,422,NA,140.17,28.913729999999997,NA,NA,NA,NA
IYS2022,Shimada,4,17,Trawl,IYS2022-Shimada-4-17-Trawl,2022-02-24T19:06:36Z,2022,2,24,19:06:36,21:06:46,120,Day,UTC,0,27.24,7.8847,52.9975,-146.9441,52.9082,-146.7477,4266,8.910375351789009,144.6,33.53156,NA,NA,NA,NA
IYS2022,Shimada,4,18,CTD,IYS2022-Shimada-4-18-CTD100,2022-02-25T07:33:53Z,2022,2,25,07:33:53,07:49:39,16,Night,UTC,0,100,0,51.99881666666667,-146.99515,51.99881666666667,-146.99515,4282,NA,211.24,28.945909999999998,NA,NA,NA,NA
IYS2022,Shimada,4,18,CTD,IYS2022-Shimada-4-18-CTD1000,2022-02-25T08:17:51Z,2022,2,25,08:17:51,09:16:22,59,Night,UTC,0,1000,0,51.99701666666667,-146.98485,51.99701666666667,-146.98485,4300,NA,212.68,36.797830000000005,NA,NA,NA,NA
IYS2022,Shimada,4,18,Trawl,IYS2022-Shimada-4-18-Trawl,2022-02-25T10:06:39Z,2022,2,25,10:06:39,11:07:02,60,Night,UTC,0,27.76,8.08265,51.9628,-146.9829,51.8935,-147.0034,4230,4.2341758729390975,196.95,27.38518,NA,NA,NA,NA
IYS2022,Shimada,4,19,CTD,IYS2022-Shimada-4-19-CTD100,2022-02-26T09:21:24Z,2022,2,26,09:21:24,09:33:33,12,Night,UTC,0,100,0,50.003166666666665,-151.50218333333333,50.003166666666665,-151.50218333333333,4949,NA,25.65,2.33305,NA,NA,NA,NA
IYS2022,Shimada,4,19,CTD,IYS2022-Shimada-4-19-CTD1000,2022-02-26T10:06:30Z,2022,2,26,10:06:30,10:59:12,53,Night,UTC,0,1000,0,50.00346666666667,-151.5029,50.00346666666667,-151.5029,4948,NA,172.59,3.12146,NA,NA,NA,NA
IYS2022,Shimada,4,19,Trawl,IYS2022-Shimada-4-19-Trawl,2022-02-26T12:02:17Z,2022,2,26,12:02:17,12:32:44,30,Night,UTC,0,25.04,7.490650000000001,49.9829,-151.5395,49.9609,-151.577,5001,1.9622158977981041,59.69,6.25901,NA,NA,NA,NA
IYS2022,Shimada,4,20,CTD,IYS2022-Shimada-4-20-CTD100,2022-02-26T18:51:08Z,2022,2,26,18:51:08,19:02:28,11,Day,UTC,0,100,0,49.00286666666667,-151.50473333333332,49.00286666666667,-151.50473333333332,4873,NA,332.48,6.677350000000001,NA,NA,NA,NA
IYS2022,Shimada,4,20,CTD,IYS2022-Shimada-4-20-CTD500,2022-02-26T19:34:21Z,2022,2,26,19:34:21,20:09:02,35,Day,UTC,0,500,0,49.00103333333333,-151.50715,49.00103333333333,-151.50715,4876,NA,317.57,9.28393,NA,NA,NA,NA
IYS2022,Shimada,4,20,Trawl,IYS2022-Shimada-4-20-Trawl,2022-02-26T20:44:34Z,2022,2,26,20:44:34,22:44:37,120,Day,UTC,0,29.84,8.14555,48.9797,-151.5366,48.896,-151.6928,4915,7.959020314151535,302.94,8.656419999999999,NA,NA,NA,NA
IYS2022,Shimada,4,21,CTD,IYS2022-Shimada-4-21-CTD100,2022-02-27T04:23:45Z,2022,2,27,04:23:45,04:36:12,12,Night,UTC,0,100,0,48.001083333333334,-151.50145,48.001083333333334,-151.50145,5108,NA,245.89,4.44084,NA,NA,NA,NA
IYS2022,Shimada,4,21,CTD,IYS2022-Shimada-4-21-CTD500,2022-02-27T05:08:39Z,2022,2,27,05:08:39,05:45:29,37,Night,UTC,0,500,0,48.0022,-151.50138333333334,48.0022,-151.50138333333334,5112,NA,222.02,6.918699999999999,NA,NA,NA,NA
IYS2022,Shimada,4,21,Trawl,IYS2022-Shimada-4-21-Trawl,2022-02-27T06:58:54Z,2022,2,27,06:58:54,07:59:48,60,Night,UTC,0,28.11,7.1595,47.9847,-151.549,47.9511,-151.631,4816,3.869010622485295,282.75,3.02492,NA,NA,NA,NA
IYS2022,Shimada,4,22,CTD,IYS2022-Shimada-4-22-CTD100,2022-02-27T14:23:16Z,2022,2,27,14:23:16,14:34:55,12,Night,UTC,0,100,0,47.00476666666667,-151.49808333333334,47.00476666666667,-151.49808333333334,5083,NA,168.99,12.260580000000001,NA,NA,NA,NA
IYS2022,Shimada,4,22,CTD,IYS2022-Shimada-4-22-CTD1000,2022-02-27T15:11:17Z,2022,2,27,15:11:17,16:06:30,55,Day,UTC,0,1000,0,47.00985,-151.48808333333332,47.00985,-151.48808333333332,5073,NA,140.34,13.62823,NA,NA,NA,NA
IYS2022,Shimada,4,22,Trawl,IYS2022-Shimada-4-22-Trawl,2022-02-27T17:14:03Z,2022,2,27,17:14:03,18:44:28,90,Day,UTC,0,26.38,7.23905,47.007,-151.4737,46.9642,-151.5997,5132,5.771587721389929,101.17,13.065079999999998,NA,NA,NA,NA
IYS2022,Shimada,4,23,CTD,IYS2022-Shimada-4-23-CTD100,2022-02-28T16:32:15Z,2022,2,28,16:32:15,16:43:11,11,Day,UTC,0,100,0,48.9975,-147.00911666666667,48.9975,-147.00911666666667,4642,NA,54.35,39.64576,NA,NA,NA,NA
IYS2022,Shimada,4,23,CTD,IYS2022-Shimada-4-23-CTD1000,2022-02-28T17:24:34Z,2022,2,28,17:24:34,18:24:17,60,Day,UTC,0,1000,0,49.00508333333333,-147.02195,49.00508333333333,-147.02195,4653,NA,65.45,33.66028,NA,NA,NA,NA
IYS2022,Shimada,4,23,Trawl,IYS2022-Shimada-4-23-Trawl,2022-02-28T19:01:56Z,2022,2,28,19:01:56,20:32:13,90,Day,UTC,0,28.1,6.658150000000001,49.0341,-147.0261,49.1203,-146.96190000000001,4661,5.764966921134254,23.46,31.761659999999996,NA,NA,NA,NA
IYS2022,Shimada,4,24,CTD,IYS2022-Shimada-4-24-CTD100,2022-03-01T03:34:31Z,2022,3,1,03:34:31,03:48:48,14,Night,UTC,0,100,0,48.000616666666666,-147.00131666666667,48.000616666666666,-147.00131666666667,4685,NA,25.88,29.830859999999998,NA,NA,NA,NA
IYS2022,Shimada,4,24,CTD,IYS2022-Shimada-4-24-CTD500,2022-03-01T04:23:51Z,2022,3,1,04:23:51,05:02:34,39,Night,UTC,0,500,0,47.9978,-147.02018333333334,47.9978,-147.02018333333334,468,NA,21.2,32.019099999999995,NA,NA,NA,NA
IYS2022,Shimada,4,24,Trawl,IYS2022-Shimada-4-24-Trawl,2022-03-01T06:18:29Z,2022,3,1,06:18:29,07:18:36,60,Night,UTC,0,30.37,8.0327,48.0328,-147.0542,48.0946,-147.042,4676,3.7468237258225865,22.08,36.41167,NA,NA,NA,NA
IYS2022,Shimada,4,25,CTD,IYS2022-Shimada-4-25-CTD100,2022-03-01T14:09:22Z,2022,3,1,14:09:22,14:20:57,12,Night,UTC,0,100,0,47.0014,-147.00506666666666,47.0014,-147.00506666666666,4914,NA,30.18,27.69089,NA,NA,NA,NA
IYS2022,Shimada,4,25,CTD,IYS2022-Shimada-4-25-CTD500,2022-03-01T14:56:09Z,2022,3,1,14:56:09,15:30:21,34,Night,UTC,0,500,0,47.00333333333333,-147.02181666666667,47.00333333333333,-147.02181666666667,4914,NA,12.17,30.05612,NA,NA,NA,NA
IYS2022,Shimada,4,25,Trawl,IYS2022-Shimada-4-25-Trawl,2022-03-01T16:59:05Z,2022,3,1,16:59:05,18:29:25,90,Day,UTC,0,27.77,7.888400000000001,47.0425,-147.06,47.1447,-147.0382,4906,6.207409217162512,337.44,23.41095,NA,NA,NA,NA
IYS2022,Shimada,4,26,CTD,IYS2022-Shimada-4-26-CTD100,2022-03-02T01:11:22Z,2022,3,2,01:11:22,01:24:52,13,Night,UTC,0,100,0,45.99935,-146.99933333333334,45.99935,-146.99933333333334,4905,NA,276.97,6.17856,NA,NA,NA,NA
IYS2022,Shimada,4,26,CTD,IYS2022-Shimada-4-26-CTD50,2022-03-02T01:54:05Z,2022,3,2,01:54:05,02:29:02,35,Night,UTC,0,50,0,45.998066666666666,-146.99633333333333,45.998066666666666,-146.99633333333333,4906,NA,249.86,3.5719800000000004,NA,NA,NA,NA
IYS2022,Shimada,4,26,Trawl,IYS2022-Shimada-4-26-Trawl,2022-03-02T03:12:55Z,2022,3,2,03:12:55,04:43:16,90,Night,UTC,0,28.2,7.5221,46.0242,-146.9841,46.1214,-146.9342,4904,6.2019130481190645,196.3,6.54863,NA,NA,NA,NA
IYS2022,Shimada,4,27,CTD,IYS2022-Shimada-4-27-CTD100,2022-03-04T04:06:35Z,2022,3,4,04:06:35,04:19:15,13,Night,UTC,0,100,0,45.99511666666667,-135.00668333333334,45.99511666666667,-135.00668333333334,3943,NA,320.55,42.23625,NA,NA,NA,NA
IYS2022,Shimada,4,27,CTD,IYS2022-Shimada-4-27-CTD500,2022-03-04T04:48:41Z,2022,3,4,04:48:41,05:29:11,40,Night,UTC,0,500,0,45.98835,-135.0157,45.98835,-135.0157,3957,NA,325.89,33.86945,NA,NA,NA,NA
IYS2022,Shimada,4,27,Trawl,IYS2022-Shimada-4-27-Trawl,2022-03-04T06:42:29Z,2022,3,4,06:42:29,07:42:34,60,Night,UTC,0,30.64,7.799600000000001,46.0023,-135.0778,46.0427,-135.1543,3460,4.011403466579733,332.65,41.10995,NA,NA,NA,NA
IYS2022,Shimada,4,28,CTD,IYS2022-Shimada-4-28-CTD100,2022-03-04T17:17:54Z,2022,3,4,17:17:54,17:29:19,11,Day,UTC,0,100,0,45.00001666666667,-135.00141666666667,45.00001666666667,-135.00141666666667,4027,NA,347.95,40.3859,NA,NA,NA,NA
IYS2022,Shimada,4,28,CTD,IYS2022-Shimada-4-28-CTD500,2022-03-04T18:08:42Z,2022,3,4,18:08:42,18:42:24,34,Day,UTC,0,500,0,44.99518333333333,-135.00951666666666,44.99518333333333,-135.00951666666666,4027,NA,357.45,31.71339,NA,NA,NA,NA
IYS2022,Shimada,4,28,Trawl,IYS2022-Shimada-4-28-Trawl,2022-03-04T19:19:05Z,2022,3,4,19:19:05,21:19:09,120,Day,UTC,0,27.15,7.57205,45.0185,-135.0195,45.16,-135.0181,4030,8.505400056381871,9.82,33.00059,NA,NA,NA,NA
IYS2022,Franklin,5,50-135,CTD_Rosette,IYS2022-Franklin-5-50-135-CTD_Rosette,2022-02-22T19:08:24Z,2022,2,22,19:08:24,19:14:41,6,DAY,UTC,0,300,0,50.0234,-135.00015,50.02325,-135.001066,3480,0.0378,NA,NA,NA,NA,NA,day
IYS2022,Franklin,5,50-135,Trawl,IYS2022-Franklin-5-50-135-Trawl,2022-02-22T20:42:05Z,2022,2,22,20:42:05,21:42:14,60,DAY,UTC,1,25,4.8,50.012733,-135.0002,49.933366,-135.012366,3503,4.7894,NA,NA,2,NA,NA,"day, average net opening 23 m height, 54 m width, headrope depth 0 m"
IYS2022,Franklin,5,49-135,CTD_Rosette,IYS2022-Franklin-5-49-135-CTD_Rosette,2022-02-23T04:07:30Z,2022,2,23,04:07:30,04:13:17,6,NIGHT,UTC,0,300,0,49.0478,-134.997783,49.04745,-134.998233,2524,0.027,NA,NA,NA,NA,NA,night
IYS2022,Franklin,5,49-135,Trawl,IYS2022-Franklin-5-49-135-Trawl,2022-02-23T05:02:21Z,2022,2,23,05:02:21,06:02:28,60,NIGHT,UTC,4,34,5.1,49.019033,-134.992233,48.934,-134.983633,3511,5.1188,NA,NA,0.5,NA,NA,night
IYS2022,Franklin,5,48-135,CTD_Rosette,IYS2022-Franklin-5-48-135-CTD_Rosette,2022-02-23T14:05:26Z,2022,2,23,14:05:26,14:15:29,10,NIGHT,UTC,0,300,0,48.045516,-135.003766,48.045683,-135.004766,3381,0.0432,NA,NA,NA,NA,NA,night
IYS2022,Franklin,5,48-135,Trawl,IYS2022-Franklin-5-48-135-Trawl,2022-02-23T15:20:43Z,2022,2,23,15:20:43,16:20:56,60,DAY,UTC,3,51,5,48.034766,-135.002166,47.950916,-134.992983,2893,5.0486,NA,NA,1,NA,NA,"day, when doors entered water sunrise had begun"
IYS2022,Franklin,5,47-135,CTD_Rosette,IYS2022-Franklin-5-47-135-CTD_Rosette,2022-02-23T22:39:39Z,2022,2,23,22:39:39,22:45:18,6,DAY,UTC,0,300,0,47.055133,-134.990916,47.055166,-134.99055,3060,0.0162,NA,NA,NA,NA,NA,day
IYS2022,Franklin,5,47-135,Trawl,IYS2022-Franklin-5-47-135-Trawl,2022-02-23T23:31:11Z,2022,2,23,23:31:11,00:31:31,60,DAY,UTC,3,34,4.9,47.031716,-134.98995,46.950266,-135.000466,3149,4.9082,NA,NA,1,NA,NA,day; albatrosses
IYS2022,Franklin,5,47-138,CTD_Rosette,IYS2022-Franklin-5-47-138-CTD_Rosette,2022-02-24T13:46:41Z,2022,2,24,13:46:41,13:51:19,5,NIGHT,UTC,0,300,0,46.935666,-137.97255,46.9361,-137.971883,3601,0.0378,NA,NA,NA,NA,NA,night
IYS2022,Franklin,5,47-138,Trawl,IYS2022-Franklin-5-47-138-Trawl,2022-02-24T15:00:07Z,2022,2,24,15:00:07,16:00:12,60,NIGHT,UTC,3,45,4.8,46.9716,-137.983783,47.048766,-138.0147,3580,4.8002,NA,NA,2,NA,NA,"night, sunrise midway through tow ~ 07:30"
IYS2022,Franklin,5,48-138,CTD_Rosette,IYS2022-Franklin-5-48-138-CTD_Rosette,2022-02-24T22:26:28Z,2022,2,24,22:26:28,22:32:09,6,DAY,UTC,0,300,0,47.93685,-137.992766,47.936983,-137.991266,3456,0.0594,NA,NA,NA,NA,NA,"day, no companion Tucker trawl due to frayed bridle"
IYS2022,Franklin,5,48-138,Trawl,IYS2022-Franklin-5-48-138-Trawl,2022-02-24T23:24:05Z,2022,2,24,23:24:05,00:25:15,61,DAY,UTC,2,27,5.1,47.975266,-137.99225,48.061733,-137.994983,3284,5.1944,NA,NA,3,NA,NA,"day, no companion Tucker trawl due to frayed bridle, albatrosses"
IYS2022,Franklin,5,49-138,CTD_Rosette,IYS2022-Franklin-5-49-138-CTD_Rosette,2022-02-26T16:27:32Z,2022,2,26,16:27:32,16:32:41,5,DAY,UTC,0,300,0,48.923766,-137.995533,48.924433,-137.994583,3044,0.054,NA,NA,NA,NA,NA,day
IYS2022,Franklin,5,49-138,Trawl,IYS2022-Franklin-5-49-138-Trawl,2022-02-26T17:27:44Z,2022,2,26,17:27:44,18:27:46,60,DAY,UTC,2,30,5,48.951333,-137.991166,49.045033,-137.997233,3979,5.6317,NA,NA,3,NA,NA,day
IYS2022,Franklin,5,50-138,CTD_Rosette,IYS2022-Franklin-5-50-138-CTD_Rosette,2022-02-27T01:44:27Z,2022,2,27,01:44:27,01:49:28,5,DAY,UTC,0,300,0,49.993033,-137.9328,49.9926,-137.932833,3527,0.027,NA,NA,NA,NA,NA,day
IYS2022,Franklin,5,50-138,Trawl,IYS2022-Franklin-5-50-138-Trawl,2022-02-27T02:39:21Z,2022,2,27,02:39:21,03:39:28,60,DAY,UTC,2,43,4.9,49.996933,-137.953416,49.996883,-138.0811,3932,4.9406,NA,NA,2.5,NA,NA,"day, sunset about 19:30, mytophid & squid layer ascending"
IYS2022,Franklin,5,50-141,CTD_Rosette,IYS2022-Franklin-5-50-141-CTD_Rosette,2022-02-27T17:15:47Z,2022,2,27,17:15:47,17:23:08,7,DAY,UTC,0,300,0,50.089666,-141.014483,50.090266,-141.014216,3560,0.0378,NA,NA,NA,NA,NA,day
IYS2022,Franklin,5,50-141,Trawl,IYS2022-Franklin-5-50-141-Trawl,2022-02-27T18:11:15Z,2022,2,27,18:11:15,19:11:41,60,DAY,UTC,2,32,4.5,50.065833,-141.009066,49.990183,-140.997683,3483,4.5626,NA,NA,2.5,NA,NA,day
IYS2022,Franklin,5,49-141,CTD_Rosette,IYS2022-Franklin-5-49-141-CTD_Rosette,2022-02-28T01:52:22Z,2022,2,28,01:52:22,01:57:44,5,DAY,UTC,0,300,0,49.078266,-141.016116,49.078116,-141.01595,3478,0.0108,NA,NA,NA,NA,NA,day
IYS2022,Franklin,5,49-141,Trawl,IYS2022-Franklin-5-49-141-Trawl,2022-02-28T02:41:02Z,2022,2,28,02:41:02,03:41:06,60,DAY,UTC,2,28,5.1,49.05235,-141.005416,48.97005,-140.9771,3832,5.0648,NA,NA,3,NA,NA,day
IYS2022,Franklin,5,48-141,CTD_Rosette,IYS2022-Franklin-5-48-141-CTD_Rosette,2022-02-28T16:25:34Z,2022,2,28,16:25:34,16:32:58,7,DAY,UTC,0,300,0,48.092,-140.965433,48.092133,-140.9656,4789,0.0108,NA,NA,NA,NA,NA,day
IYS2022,Franklin,5,48-141,Trawl,IYS2022-Franklin-5-48-141-Trawl,2022-02-28T17:25:10Z,2022,2,28,17:25:10,18:25:16,60,DAY,UTC,3,34,4.5,48.0603,-140.974016,47.985833,-140.989183,4494,4.514,NA,NA,2,NA,NA,day
IYS2022,Franklin,5,47-141,Trawl,IYS2022-Franklin-5-47-141-Trawl,2022-03-01T02:00:24Z,2022,3,1,02:00:24,03:00:34,60,DAY,UTC,2,31,5,46.997633,-140.947883,46.9921,-141.068416,4341,4.9622,NA,NA,3.5,NA,NA,day; borderline fishable and weather deteriorating so trawled first before oceanographhy. Small birds
IYS2022,Franklin,5,46-144,CTD_Rosette,IYS2022-Franklin-5-46-144-CTD_Rosette,2022-03-01T17:13:25Z,2022,3,1,17:13:25,17:18:56,6,DAY,UTC,0,300,0,46.088933,-144.010783,46.088516,-144.01105,4167,0.027,NA,NA,NA,NA,NA,"day, oxygen, lost communication at 60 m reset and redeployed"
IYS2022,Franklin,5,46-144,Trawl,IYS2022-Franklin-5-46-144-Trawl,2022-03-01T18:04:09Z,2022,3,1,18:04:09,19:04:14,60,DAY,UTC,NA,NA,4.7,46.058066,-144.00765,45.980083,-144.012333,4119,4.6868,NA,NA,3,NA,NA,"day, one albatross"
IYS2022,Franklin,5,47-144,CTD_Rosette,IYS2022-Franklin-5-47-144-CTD_Rosette,2022-03-02T03:26:28Z,2022,3,2,03:26:28,04:03:36,37,NIGHT,UTC,0,2000,0,46.942683,-144.023183,46.940366,-144.028216,4211,0.2484,NA,NA,NA,NA,NA,"night, went past 2000 m to get out a crossed wrap on the drum, ascent was slow and sometimes backed down to get a good lay for the cable on the drum, did not deploy corresponding ARGO float (S/N AI2600-21CA006) since after 3 attempts it failed to activate"
IYS2022,Franklin,5,47-144,Trawl,IYS2022-Franklin-5-47-144-Trawl,2022-03-02T05:47:16Z,2022,3,2,05:47:16,06:47:20,60,NIGHT,UTC,NA,NA,4.8,46.957766,-144.024283,47.032566,-143.982,4739,4.8164,NA,NA,1,NA,NA,"night, small birds"
IYS2022,Franklin,5,48-144,CTD_Rosette,IYS2022-Franklin-5-48-144-CTD_Rosette,2022-03-02T16:28:35Z,2022,3,2,16:28:35,16:34:27,6,DAY,UTC,0,300,0,47.909,-143.988566,47.909183,-143.9878,4116,0.0324,NA,NA,NA,NA,NA,day
IYS2022,Franklin,5,48-144,Trawl,IYS2022-Franklin-5-48-144-Trawl,2022-03-02T17:31:21Z,2022,3,2,17:31:21,18:31:26,60,DAY,UTC,NA,NA,4.9,47.946683,-143.995483,48.026366,-144.019616,4173,4.8812,NA,NA,1.5,NA,NA,"day, whale blow observed 2 miles away"
IYS2022,Franklin,5,49-144,CTD_Rosette,IYS2022-Franklin-5-49-144-CTD_Rosette,2022-03-03T00:29:48Z,2022,3,3,00:29:48,01:04:03,34,DAY,UTC,0,2000,0,48.931566,-143.9892,48.930616,-143.98215,4000,0.2862,NA,NA,NA,NA,NA,"day, oxygen and full salinity profile"
IYS2022,Franklin,5,51-141,CTD_Rosette,IYS2022-Franklin-5-51-141-CTD_Rosette,2022-03-04T05:12:45Z,2022,3,4,05:12:45,05:17:52,5,NIGHT,UTC,0,300,0,50.984616,-141.13065,50.984266,-141.130716,4290,0.0216,NA,NA,NA,NA,NA,night
IYS2022,Franklin,5,51-141,Trawl,IYS2022-Franklin-5-51-141-Trawl,2022-03-04T06:04:28Z,2022,3,4,06:04:28,07:04:33,60,NIGHT,UTC,2,35,4.9,50.990633,-141.075416,51.007216,-140.947466,4129,4.9514,NA,NA,2,NA,NA,night
IYS2022,Franklin,5,52-141,CTD_Rosette,IYS2022-Franklin-5-52-141-CTD_Rosette,2022-03-04T16:28:05Z,2022,3,4,16:28:05,16:35:18,7,DAY,UTC,0,300,0,51.892783,-141.010783,51.892016,-141.010933,4254,0.0486,NA,NA,NA,NA,NA,day
IYS2022,Franklin,5,52-141,Trawl,IYS2022-Franklin-5-52-141-Trawl,2022-03-04T17:23:45Z,2022,3,4,17:23:45,18:23:51,60,DAY,UTC,3,34,4.7,51.9287,-141.012416,52.006933,-141.010033,4170,4.703,NA,NA,2,NA,NA,day
IYS2022,Franklin,5,53-141,CTD_Rosette,IYS2022-Franklin-5-53-141-CTD_Rosette,2022-03-05T01:30:37Z,2022,3,5,01:30:37,01:35:22,5,DAY,UTC,0,300,0,52.924833,-140.971983,52.924483,-140.971,4845,0.0432,NA,NA,NA,NA,NA,day
IYS2022,Franklin,5,53-141,Trawl,IYS2022-Franklin-5-53-141-Trawl,2022-03-05T02:28:14Z,2022,3,5,02:28:14,03:28:30,60,DAY,UTC,3,30,4.5,52.9553,-140.9969,53.021233,-141.0556,4111,4.4978,NA,NA,2.5,NA,NA,"day, lost one float about 25 min into tow, 2 birds, twilight at haul back"
IYS2022,Franklin,5,53-138,CTD_Rosette,IYS2022-Franklin-5-53-138-CTD_Rosette,2022-03-05T16:14:36Z,2022,3,5,16:14:36,16:21:57,7,DAY,UTC,0,300,0,52.984466,-138.107,52.98445,-138.104433,4390,0.0918,NA,NA,NA,NA,NA,day
IYS2022,Franklin,5,53-138,Trawl,IYS2022-Franklin-5-53-138-Trawl,2022-03-05T17:17:24Z,2022,3,5,17:17:24,18:17:39,60,DAY,UTC,3,31,5.3,52.989183,-138.052866,53.036933,-137.93025,4277,5.2916,NA,NA,2,NA,NA,day
IYS2022,Franklin,5,52-138,CTD_Rosette,IYS2022-Franklin-5-52-138-CTD_Rosette,2022-03-06T02:40:55Z,2022,3,6,02:40:55,02:45:44,5,DAY,UTC,0,300,0,51.953966,-138.05255,51.954,-138.051916,4310,0.0216,NA,NA,NA,NA,NA,day
IYS2022,Franklin,5,52-138,Trawl,IYS2022-Franklin-5-52-138-Trawl,2022-03-06T03:28:56Z,2022,3,6,03:28:56,04:28:58,60,NIGHT,UTC,3,32,4.5,51.977983,-138.0215,52.035633,-137.943733,4433,4.5086,NA,NA,2,NA,NA,"night, albatrosses"
IYS2022,Franklin,5,52-135,CTD_Rosette,IYS2022-Franklin-5-52-135-CTD_Rosette,2022-03-06T16:12:44Z,2022,3,6,16:12:44,16:17:38,5,DAY,UTC,0,300,0,51.95455,-135.07935,51.95415,-135.078883,4396,0.027,NA,NA,NA,NA,NA,day
IYS2022,Franklin,5,52-135,Trawl,IYS2022-Franklin-5-52-135-Trawl,2022-03-06T17:02:19Z,2022,3,6,17:02:19,18:02:31,60,DAY,UTC,3,27,5,51.976383,-135.040516,52.033833,-134.943416,4688,4.9892,NA,NA,0.5,NA,NA,day
IYS2022,Franklin,5,51-135,CTD_Rosette,IYS2022-Franklin-5-51-135-CTD_Rosette,2022-03-07T02:39:08Z,2022,3,7,02:39:08,02:44:36,5,DAY,UTC,0,300,0,50.954916,-135.096466,50.954516,-135.096233,4264,0.027,NA,NA,NA,NA,NA,day
IYS2022,Franklin,5,51-135,Trawl,IYS2022-Franklin-5-51-135-Trawl,2022-03-07T03:28:23Z,2022,3,7,03:28:23,04:28:42,60,NIGHT,UTC,3,34,4.7,50.97505,-135.0614,51.029366,-134.969783,4318,4.7624,NA,NA,1.5,NA,NA,night
IYS2022,Franklin,5,53-135,CTD_Rosette,IYS2022-Franklin-5-53-135-CTD_Rosette,2022-03-10T07:32:12Z,2022,3,10,07:32:12,07:37:41,5,NIGHT,UTC,0,300,0,52.965466,-134.87695,52.966166,-134.876433,2783,0.0486,NA,NA,NA,NA,NA,night; returned to 150 m from ~125 m to fire third bottle
IYS2022,Franklin,5,53-135,Trawl,IYS2022-Franklin-5-53-135-Trawl,2022-03-10T08:27:48Z,2022,3,10,08:27:48,09:27:57,60,NIGHT,UTC,2,34,4.6,52.978516,-134.92445,53.0111,-135.03935,2824,4.6004,NA,NA,1,NA,NA,night
IYS2022,Franklin,5,55-138,CTD_Rosette,IYS2022-Franklin-5-55-138-CTD_Rosette,2022-03-11T00:17:48Z,2022,3,11,00:17:48,00:24:15,6,DAY,UTC,0,300,0,54.929666,-137.937516,54.929416,-137.937,3387,0.0216,NA,NA,NA,NA,NA,day
IYS2022,Franklin,5,55-138,Trawl,IYS2022-Franklin-5-55-138-Trawl,2022-03-11T01:13:36Z,2022,3,11,01:13:36,02:13:53,60,DAY,UTC,2,31,4.6,54.959583,-137.9756,55.020233,-138.0584,2941,4.6328,NA,NA,1.5,NA,NA,"day; third wire hung up on rear hydraulics before doors hit water; no damage, net reset in same location without being brought on board"
IYS2022,Franklin,5,54-138,CTD_Rosette,IYS2022-Franklin-5-54-138-CTD_Rosette,2022-03-11T10:30:13Z,2022,3,11,10:30:13,10:36:09,6,NIGHT,UTC,0,300,0,53.945733,-138.101433,53.945916,-138.1002,3237,0.0432,NA,NA,NA,NA,NA,night
IYS2022,Franklin,5,54-138,Trawl,IYS2022-Franklin-5-54-138-Trawl,2022-03-11T11:24:09Z,2022,3,11,11:24:09,12:24:26,60,NIGHT,UTC,3,34,4.9,53.965316,-138.060883,54.021216,-137.9593,3428,4.9244,NA,NA,1,NA,NA,night
IYS2022,Franklin,5,54-141,CTD_Rosette,IYS2022-Franklin-5-54-141-CTD_Rosette,2022-03-12T00:04:11Z,2022,3,12,00:04:11,00:09:14,5,DAY,UTC,0,300,0,53.9676,-141.0792,53.967383,-141.078816,3717,0.0162,NA,NA,NA,NA,NA,day
IYS2022,Franklin,5,54-141,Trawl,IYS2022-Franklin-5-54-141-Trawl,2022-03-12T00:50:03Z,2022,3,12,00:50:03,01:50:19,60,DAY,UTC,3,28,4.9,53.985933,-141.045533,54.03795,-140.937983,3593,4.9244,NA,NA,2.5,NA,NA,day
IYS2022,Franklin,5,55-141,CTD_Rosette,IYS2022-Franklin-5-55-141-CTD_Rosette,2022-03-12T16:20:42Z,2022,3,12,16:20:42,16:27:00,6,DAY,UTC,0,300,0,54.939816,-140.99665,54.94165,-140.99485,3628,0.1242,NA,NA,NA,NA,NA,day
IYS2022,Franklin,5,55-141,Trawl,IYS2022-Franklin-5-55-141-Trawl,2022-03-12T17:10:04Z,2022,3,12,17:10:04,18:10:18,60,DAY,UTC,3,29,5.2,54.964916,-140.989216,55.06045,-140.989016,3638,5.7451,NA,NA,2.5,NA,NA,day; albatross
IYS2022,Franklin,5,56-141,CTD_Rosette,IYS2022-Franklin-5-56-141-CTD_Rosette,2022-03-13T03:10:11Z,2022,3,13,03:10:11,03:15:15,5,DAY,UTC,0,300,0,55.941116,-140.914583,55.941666,-140.914216,3438,0.0378,NA,NA,NA,NA,NA,"day; rosette communication failed at 10m on first cast, brought on board and reset with no apparent issues"
IYS2022,Franklin,5,56-141,Trawl,IYS2022-Franklin-5-56-141-Trawl,2022-03-13T03:58:28Z,2022,3,13,03:58:28,04:58:25,60,NIGHT,UTC,2,39,4.7,55.963233,-140.9393,56.025716,-141.022966,3700,4.6976,NA,NA,3,NA,NA,night
IYS2022,Franklin,5,57-141,CTD_Rosette,IYS2022-Franklin-5-57-141-CTD_Rosette,2022-03-13T13:59:39Z,2022,3,13,13:59:39,14:06:14,7,NIGHT,UTC,0,300,0,56.935733,-140.930783,56.936183,-140.93,3487,0.0378,NA,NA,NA,NA,NA,night
IYS2022,Franklin,5,57-144,CTD_Rosette,IYS2022-Franklin-5-57-144-CTD_Rosette,2022-03-14T17:17:43Z,2022,3,14,17:17:43,17:51:39,34,DAY,UTC,0,2000,0,57.008466,-143.837716,57.0096,-143.8428,3780,0.1782,NA,NA,NA,NA,NA,"day; issues with rosette plotter, doesn't appear to impact data but double check"
IYS2022,Franklin,5,57-144,Trawl,IYS2022-Franklin-5-57-144-Trawl,2022-03-14T19:12:16Z,2022,3,14,19:12:16,20:12:18,60,DAY,UTC,3,56,5.1,57.010483,-143.89225,57.00445,-144.045616,3728,5.0432,NA,NA,3.5,NA,NA,day
IYS2022,Franklin,5,56-144,Trawl,IYS2022-Franklin-5-56-144-Trawl,2022-03-15T02:09:32Z,2022,3,15,02:09:32,03:09:21,60,DAY,UTC,3,41,4.9,56.053433,-143.997683,55.972883,-144.000816,3951,4.8434,NA,NA,3,NA,NA,day; fishing before ocean ops due to concerns about weather; shearwaters
IYS2022,Franklin,5,56-144,CTD_Rosette,IYS2022-Franklin-5-56-144-CTD_Rosette,2022-03-15T04:42:36Z,2022,3,15,04:42:36,04:47:51,5,NIGHT,UTC,0,300,0,55.975133,-144.01485,55.975533,-144.015916,3238,0.0432,NA,NA,NA,NA,NA,night; occurred after fishing ops due to marginal weather; moved ~3 km from end of tow
IYS2022,Franklin,5,55-144,CTD_Rosette,IYS2022-Franklin-5-55-144-CTD_Rosette,2022-03-15T11:52:14Z,2022,3,15,11:52:14,12:26:23,34,NIGHT,UTC,0,2000,0,55.043683,-144.07645,55.041083,-144.078533,3488,0.1728,NA,NA,NA,NA,NA,"night; 2000 m cast; initial failure from sensor, brought on board and restarted computer; no issues during deployment until last 25m of ascent when feed lost again, computer restart and finished cast;"
IYS2022,Franklin,5,55-144,Trawl,IYS2022-Franklin-5-55-144-Trawl,2022-03-15T14:28:07Z,2022,3,15,14:28:07,15:28:26,60,NIGHT,UTC,3,38,4.6,55.0049,-144.070066,54.961066,-143.960083,3282,4.6274,NA,NA,1.5,NA,NA,"night; haulback as sun was coming up, but majority of tow in the dark"
IYS2022,Franklin,5,54-144,CTD_Rosette,IYS2022-Franklin-5-54-144-CTD_Rosette,2022-03-15T23:26:12Z,2022,3,15,23:26:12,23:31:28,5,DAY,UTC,0,300,0,53.930433,-143.986233,53.930583,-143.985933,3529,0.0162,NA,NA,NA,NA,NA,day
IYS2022,Franklin,5,54-144,Trawl,IYS2022-Franklin-5-54-144-Trawl,2022-03-16T00:13:07Z,2022,3,16,00:13:07,01:13:19,60,DAY,UTC,3,28,4.9,53.958566,-143.988233,54.037966,-144.016566,3660,4.8758,NA,NA,1,NA,NA,day; shearwaters; sleet started during haulback
IYS2022,Franklin,5,53-144,CTD_Rosette,IYS2022-Franklin-5-53-144-CTD_Rosette,2022-03-16T14:34:14Z,2022,3,16,14:34:14,15:07:51,34,DAY,UTC,0,2000,0,52.93205,-144.040566,52.93305,-144.0398,3599,0.0648,NA,NA,NA,NA,NA,"descent at night, recovery during day; 2000 m cast"
IYS2022,Franklin,5,53-144,Trawl,IYS2022-Franklin-5-53-144-Trawl,2022-03-16T16:31:29Z,2022,3,16,16:31:29,17:31:43,60,DAY,UTC,3,34,5.2,52.963466,-144.02655,53.0455,-143.979166,3231,5.2214,NA,NA,1.5,NA,NA,day; shearwaters
IYS2022,Franklin,5,51-132,CTD_Rosette,IYS2022-Franklin-5-51-132-CTD_Rosette,2022-03-19T16:50:20Z,2022,3,19,16:50:20,16:55:45,5,DAY,UTC,0,300,0,50.950383,-132.11135,50.950666,-132.111283,2822,0,NA,NA,NA,NA,NA,day
IYS2022,Franklin,5,51-132,Trawl,IYS2022-Franklin-5-51-132-Trawl,2022-03-19T17:36:40Z,2022,3,19,17:36:40,18:36:44,60,DAY,UTC,3,37,4.8,50.966483,-132.075683,51.016016,-131.97605,1,4.811,NA,NA,3,NA,NA,day; gulls
